,codimap_category,codimap_title,codimap_date,views,comment_numbers,codimap_explain,codimap_hashtag,codimap_imgurl
0,캐주얼,톤온톤 코디,21.07.02,"17,225",50,편하게 입기 좋은 반팔 티셔츠와 와이드 팬츠를 연출하고 크로스 백으로 마무리한 캐주얼 룩,"#톤온톤,#뉴트럴톤,#캠퍼스,#피크닉,#와이드핏,#오버핏,#꾸안꾸,#여름,#캐주얼,#벗딥,#엠엠엘지,#캐치볼,#예일,#반원 아틀리에,#토트백,#잡지/무크지,#캡/야구 모자,#캔버스/단화,#반소매 티셔츠",https://image.msscdn.net/images/codimap/detail/4035/detail_4035_1_500.jpg?202401091201
1,캐주얼,블랙 매니아,21.02.23,"36,288",47,편안한 무드의 조거 팬츠에 블랙 스웨트셔츠를 매치한 후 볼캡으로 마무리한 캐주얼 룩,"#봄,#캐주얼,#라퍼지스토어,#다이아몬드 레이라,#나이키,#엠프렌즈,#모티패스트,#이에스엔,#안경 소품,#디퓨저/캔들,#반소매 티셔츠,#셔츠/블라우스,#패션스니커즈화,#케이스/슬리브,#캡/야구 모자,#레더/라이더스 재킷,#맨투맨/스웨트셔츠",https://image.msscdn.net/images/codimap/detail/1969/detail_1969_1_500.jpg?202401091201
2,캐주얼,오늘의 코디,22.03.22,"13,373",43,로고 디테일이 돋보이는 스웨트셔츠와 데님 팬츠를 코디하고 스니커즈로 완성한 캐주얼 룩,"#로고플레이,#오버핏,#스티치,#캠퍼스,#봄,#캐주얼,#유니폼브릿지,#아디다스,#47브랜드,#하 아카이브,#어반디타입,#데님 팬츠,#안경 소품,#액자/포스터,#패션스니커즈화,#캡/야구 모자,#메신저/크로스 백,#맨투맨/스웨트셔츠",https://image.msscdn.net/images/codimap/detail/13814/detail_13814_1_500.jpg?202401091201
3,댄디,추천 댄디 룩,21.09.15,"21,573",32,담백한 디테일의 니트와 셔츠를 레이어드하고 데님 팬츠를 더해 완성한 댄디 룩,"#데이트,#그래픽,#레이어드룩,#가을,#댄디,#엘무드,#뮤지엄바이비컨,#테이크이지,#로스트가든,#아르반,#플랙,#누깍,#반소매 티셔츠,#니트/스웨터,#안경,#셔츠/블라우스,#부츠,#블루종/MA-1,#데님 팬츠,#숄더백",https://image.msscdn.net/images/codimap/detail/6746/detail_6746_1_500.jpg?202401091201
4,캐주얼,릴랙스 룩,21.02.23,"24,011",25,플라워 자수가 눈에 띄는 니트에 조거 팬츠를 더한 후 레드 볼캡으로 컬러 포인트를 준 이지 캐주얼 룩,"#봄,#캐주얼,#카시오,#코닥,#제로,#와릿이즌,#뉴발란스,#커버낫,#디지털,#미니스커트,#캡/야구 모자,#트레이닝/조거 팬츠",https://image.msscdn.net/images/codimap/detail/1974/detail_1974_1_500.jpg?202401091201
5,스트릿,힙하다 힙해,21.02.03,"36,058",24,레더 블루종 점퍼에 오버사이즈 니트와 조거 팬츠를 매치하고 블루 컬러 볼캡으로 멋을 더한 스트릿 룩,"#봄,#스트릿,#제로,#월간,#라퍼지스토어,#키치오브제,#블론드나인,#47브랜드,#트레이닝/조거 팬츠,#액자/포스터,#목걸이/펜던트,#레더/라이더스 재킷,#캔버스/단화,#니트/스웨터,#캡/야구 모자",https://image.msscdn.net/images/codimap/detail/1701/detail_1701_1_500.jpg?202401091201
6,댄디,데이트 코디,21.12.24,"10,953",19,깔끔한 무드의 니트에 데님 팬츠를 스타일링하고 스니커즈로 마무리한 댄디 룩,"#남친룩,#레더,#데이트,#테이퍼드핏,#오버핏,#소개팅,#스티치,#겨울,#댄디,#쿠어,#에스에스알엘,#플랙,#유니폼브릿지,#슈마커,#예일,#니트/스웨터,#메신저/크로스 백,#데님 팬츠,#숏패딩/숏헤비 아우터,#캔버스/단화,#머플러",https://image.msscdn.net/images/codimap/detail/10584/detail_10584_1_500.jpg?202401091201
7,캐주얼,심플한 코디,21.07.30,"41,336",18,로고 프린팅이 돋보이는 반팔 티셔츠와 스웨트 팬츠를 매치하고 스니커즈로 완성한 이지 캐주얼 룩,"#로고플레이,#편안한,#원마일웨어,#와이드핏,#여름,#캐주얼,#리,#세미콜론 아이웨어,#제로,#반스,#베지터블테이블,#셔츠/블라우스,#반소매 티셔츠,#안경,#트레이닝/조거 팬츠,#캔버스/단화,#캡/야구 모자",https://image.msscdn.net/images/codimap/detail/5053/detail_5053_1_500.jpg?202401091201
8,댄디,훈훈 남친 룩,21.03.24,"19,981",17,체크 패턴이 돋보이는 블레이저에 셔츠와 데님 팬츠를 더하고 담백한 구두로 마무리한 댄디 룩,"#봄,#댄디,#모디파이드,#반,#락포트,#수아레,#슈트/블레이저 재킷,#기타 시계,#메신저/크로스 백,#데님 팬츠,#구두,#셔츠/블라우스",https://image.msscdn.net/images/codimap/detail/2392/detail_2392_1_500.jpg?202401091201
9,댄디,서머 데이트 룩,21.07.26,"8,352",17,깔끔한 셔츠와 니트 베스트를 레이어드하고 클러치 백으로 완성한 댄디 룩,"#미니멀,#데이트,#오버핏,#로고플레이,#하객,#화사한,#여름,#댄디,#러프넥,#비슬로우,#퍼스텝,#레테르코모,#캘빈클라인 진,#구두,#코튼 팬츠,#셔츠/블라우스,#베스트,#클러치 백",https://image.msscdn.net/images/codimap/detail/4851/detail_4851_1_500.jpg?202401091201
10,댄디,남친 룩으로 제격,21.12.24,"10,171",17,깔끔한 디테일의 니트와 데님 팬츠를 매치하고 싱글 코트로 마무리한 댄디 룩,"#데이트,#레더,#남친룩,#얼죽코,#체크,#소개팅,#와이드핏,#겨울,#댄디,#퀄팩,#쿠어,#트래블,#위더로드,#토피,#수아레,#토트백,#잡지/무크지,#겨울 싱글 코트,#디지털,#머플러,#부츠,#데님 팬츠,#니트/스웨터",https://image.msscdn.net/images/codimap/detail/10583/detail_10583_1_500.jpg?202401091201
11,캐주얼,지금 입기 좋아,21.08.31,"20,876",16,오버 핏 스웨트셔츠와 베이지 컬러 팬츠를 코디하고 더비 슈즈로 완성한 캐주얼 룩,"#꾸안꾸,#남친룩,#핀턱,#캠퍼스,#와이드핏,#여름,#캐주얼,#브래디백,#와일드 브릭스,#라퍼지스토어,#닥터마틴,#메신저/크로스 백,#잡지/무크지,#팔찌,#맨투맨/스웨트셔츠,#구두",https://image.msscdn.net/images/codimap/detail/6174/detail_6174_1_500.jpg?202401091201
12,캐주얼,꾸안꾸 코디,22.11.04,"5,190",15,그래픽 프린팅이 돋보이는 스웨트셔츠와 코튼 팬츠를 매치하고 숏 패딩을 더해 연출한 캐주얼 룩,"#겨울,#캐주얼,#글로스턴,#덴메이드,#리트리버클럽,#버빌리안,#커버낫,#토마스모어,#프레드페리,#로고플레이,#그래픽,#코듀로이,#캠퍼스,#꾸안꾸,#심볼,#레이어드룩,#코튼 팬츠,#안경,#메신저/크로스 백,#셔츠/블라우스,#맨투맨/스웨트셔츠,#캔버스/단화,#숏패딩/숏헤비 아우터",https://image.msscdn.net/images/codimap/detail/19592/detail_19592_1_500.jpg?202401091201
13,아메카지,아메리칸 캐주얼,21.12.21,"5,830",14,코듀로이 소재가 돋보이는 베스트와 셔츠를 레이어드하고 벌룬 핏 팬츠를 더해 마무리한 아메리칸 캐주얼 룩,"#뉴트럴톤,#핀턱,#벌룬핏,#레이어드룩,#체크,#로고플레이,#퀼팅,#아메카지,#코듀로이,#겨울,#아메리칸 캐주얼,#프리즘웍스,#와일드 브릭스,#마인드브릿지,#코스트원더,#유니버셜 케미스트리,#레인보우샌들,#기타 아우터,#비니,#메신저/크로스 백,#잡지/무크지,#패딩 베스트,#셔츠/블라우스,#코튼 팬츠,#헌팅캡/베레모,#구두,#모카신/보트 슈즈",https://image.msscdn.net/images/codimap/detail/10377/detail_10377_1_500.jpg?202401091201
14,비즈니스캐주얼,깔끔하게 즐겨,21.11.09,"6,600",13,체크 패턴이 돋보이는 블레이저 셋업과 더블 코트를 매치하고 토트백으로 연출한 포멀 룩,"#단정한,#출근룩,#격식,#레더,#체크,#셋업코디,#가을,#포멀,#코네트,#엘무드,#프레리,#탄틴,#폭스바겐 와치,#겨울 더블 코트,#디지털,#니트/스웨터,#슈트/블레이저 재킷,#구두,#토트백,#쿼츠 아날로그,#비즈니스캐주얼",https://image.msscdn.net/images/codimap/detail/8811/detail_8811_1_500.jpg?202401091201
15,아메카지,남다른 감각,21.11.17,"5,068",11,코듀로이 소재의 베스트와 셔츠를 레이어드하고 벌룬 팬츠를 더해 연출한 아메리칸 캐주얼 룩,"#뉴트럴톤,#레이어드룩,#코듀로이,#아메카지,#벌룬핏,#가을,#아메리칸 캐주얼,#프리즘웍스,#와일드 브릭스,#미니멀프로젝트,#닥터마틴,#유니폼브릿지,#디미트리블랙,#반소매 티셔츠,#셔츠/블라우스,#머플러,#코튼 팬츠,#헌팅캡/베레모,#구두,#사파리/헌팅 재킷",https://image.msscdn.net/images/codimap/detail/9136/detail_9136_1_500.jpg?202401091201
16,캐주얼,편안함의 완성,21.10.04,"20,066",11,편하게 입기 좋은 스웨트셔츠와 플리스를 연출하고 볼캡으로 완성한 이지 캐주얼 룩,"#오버핏,#플리스,#리버서블,#편안한,#원마일웨어,#가을,#캐주얼,#프로스펙스,#브렌슨,#고다신,#커버낫,#주네시 스포츠 클럽,#제멋,#캔버스/단화,#트레이닝/조거 팬츠,#안경 소품,#액자/포스터,#이어폰,#플리스/뽀글이,#캡/야구 모자,#맨투맨/스웨트셔츠",https://image.msscdn.net/images/codimap/detail/7449/detail_7449_1_500.jpg?202401091201
17,캐주얼,편하게 완성,21.07.21,"15,327",10,그린 컬러의 반팔 티셔츠와 스웨트 팬츠를 코디하고 스니커즈로 완성한 이지 캐주얼 룩,"#편안한,#캠퍼스,#원마일웨어,#로고플레이,#여름,#캐주얼,#엠엠엘지,#제로,#캉골,#칼하트,#나이키,#캡/야구 모자,#트레이닝/조거 팬츠,#백팩,#반소매 티셔츠,#패션스니커즈화",https://image.msscdn.net/images/codimap/detail/4707/detail_4707_1_500.jpg?202401091201
18,캐주얼,원 마일 웨어,21.10.08,"17,061",10,귀여운 그래픽이 돋보이는 스웨트셔츠에 와이드 팬츠를 더하고 비니와 스니커즈로 완성한 이지 캐주얼 룩,"#와이드핏,#체크,#그래픽,#지브라,#편안한,#원마일웨어,#가을,#캐주얼,#제로,#반스,#미니멀프로젝트,#엘엠씨,#원헌드레드퍼센트,#트레이닝/조거 팬츠,#캔버스/단화,#비니,#맨투맨/스웨트셔츠",https://image.msscdn.net/images/codimap/detail/7692/detail_7692_1_500.jpg?202401091201
19,비즈니스캐주얼,매력적인 포멀 룩,21.09.17,"11,716",10,깔끔한 디테일의 셔츠와 베스트를 레이어드하고 슬랙스로 완성한 포멀 룩,"#미니멀,#남친룩,#데이트,#레더,#레이어드룩,#가을,#포멀,#비에스큐티바이클래시,#후러브스아트,#라퍼지스토어,#캘빈클라인 진,#르네 하우윈,#유니폼브릿지,#블론드나인,#부츠,#기타 스니커즈,#슈트 팬츠/슬랙스,#안경 소품,#디지털,#클러치 백,#안경,#베스트,#비즈니스캐주얼",https://image.msscdn.net/images/codimap/detail/6872/detail_6872_1_500.jpg?202401091201
20,캐주얼,레이어드의 매력,21.06.04,"12,773",9,블랙 컬러 베스트와 셔츠를 레이어드한 후 카고 데님 팬츠로 완성한 캐주얼 룩,"#레이어드룩,#남친룩,#여름,#캐주얼,#아코스튜디오스페이스,#어반스터프,#뉴발란스,#리,#라퍼지스토어,#니트/스웨터,#데님 팬츠,#에코백",https://image.msscdn.net/images/codimap/detail/3469/detail_3469_1_500.jpg?202401091201
21,댄디,레이어드의 매력,21.11.23,"10,535",8,깔끔하게 입기 좋은 터틀넥 니트와 베스트를 레이어드하고 슬랙스를 더해 완성한 댄디 룩,"#레이어드룩,#레더,#남친룩,#데이트,#뉴트럴톤,#소개팅,#가을,#댄디,#블루엘리펀트,#수아레,#파인드카푸어,#토마스모어,#시그니처,#컬러콜라,#라퍼지스토어,#안경,#니트/스웨터,#숄더백,#슈트 팬츠/슬랙스,#부츠",https://image.msscdn.net/images/codimap/detail/9377/detail_9377_1_500.jpg?202401091201
22,캐주얼,잘 고른 재킷,20.10.28,"20,848",8,루즈 핏의 퀼팅 재킷에 블랙 와이드 진을 매치하고 스니커즈로 포인트를 더한 캐주얼 룩,"#가을,#캐주얼,#칼하트,#라츠,#이벳필드,#커버낫,#셔츠/블라우스,#데님 팬츠,#캡/야구 모자",https://image.msscdn.net/images/codimap/detail/283/detail_283_1_500.jpg?202401091201
23,캐주얼,발랄함 가득!,21.07.05,"3,229",8,스트라이프 패턴이 돋보이는 카디건에 데님 팬츠를 코디하고 샌들로 마무리한 캐주얼 룩,"#오버핏,#스트라이프,#빈티지,#페이즐리,#여름,#캐주얼,#와일드 브릭스,#예루살렘 샌들,#피콰드로,#유니폼브릿지,#에잇세컨즈,#스카프/반다나,#반다나/헤어밴드/거트,#샌들,#메신저/크로스 백,#숏 팬츠",https://image.msscdn.net/images/codimap/detail/4084/detail_4084_1_500.jpg?202401091201
24,비즈니스캐주얼,깔끔한 매력,21.03.08,"13,999",8,"체크 패턴이 매력적인 블레이저 재킷과 니트, 슬랙스로 깔끔하게 연출한 포멀 룩","#봄,#포멀,#모디파이드,#엘무드,#조셉트,#로우로우,#에스피오나지,#슈트/블레이저 재킷,#기타 시계,#반소매 티셔츠,#니트/스웨터,#구두,#안경,#셔츠/블라우스,#비즈니스캐주얼",https://image.msscdn.net/images/codimap/detail/2137/detail_2137_1_500.jpg?202401091201
25,댄디,남친 룩의 정석,20.11.04,"16,645",8,깔끔한 실루엣의 체크 코트와 카디건을 레이어드하고 로퍼로 마무리한 댄디 룩,"#데이트,#가을,#댄디,#커스텀어클락,#브아빗,#커스텀에이드,#와릿이즌,#쿠어,#삭스더랭귀지,#반소매 티셔츠,#니트/스웨터,#샌들,#데님 팬츠,#안경,#구두,#로퍼,#카디건,#겨울 기타 코트,#양말",https://image.msscdn.net/images/codimap/detail/421/detail_421_1_500.jpg?202401091201
26,시크,시크한 감각,21.08.20,"3,901",8,페이즐리 패턴이 돋보이는 슬리브리스에 트위드 재킷을 더하고 부츠 컷 팬츠로 완성한 시크 룩,"#모노톤,#페이즐리,#부츠컷,#트위드,#크롭,#여름,#시크,#서포트라이트,#뮤트뮤즈,#비에이블투,#렉켄,#유즈,#선글라스,#숄더백,#슈트/블레이저 재킷,#힐/펌프스,#민소매 티셔츠",https://image.msscdn.net/images/codimap/detail/5779/detail_5779_1_500.jpg?202401091201
27,캐주얼,서머 캠퍼스 룩,22.07.19,"3,342",8,캐주얼 무드의 카라 티셔츠와 숏 팬츠를 셋업으로 매치한 후 메신저 백으로 마무리한 캐주얼 룩,"#편안한,#캠퍼스,#꾸안꾸,#뉴트럴톤,#컬러블록,#여름,#캐주얼,#핍스,#컨버스,#파르티멘토,#노커피,#메신저/크로스 백,#기타 컬처,#캔버스/단화,#피케/카라 티셔츠,#케이스/슬리브",https://image.msscdn.net/images/codimap/detail/17730/detail_17730_1_500.jpg?202401091201
28,비즈니스캐주얼,손색 없는 단정함,21.11.12,"3,380",8,단정한 분위기의 더블 코트와 슬랙스를 코디한 후 브리프케이스로 연출한 포멀 룩,"#단정한,#격식,#출근룩,#가을,#포멀,#마스카,#스위치,#매너그램,#더니트컴퍼니,#하루타,#사운즈라이프,#아노트,#안데르센 안데르센,#안경,#브리프케이스,#기타 컬처,#넥타이,#구두,#겨울 더블 코트,#셔츠/블라우스,#머플러,#비즈니스캐주얼",https://image.msscdn.net/images/codimap/detail/8978/detail_8978_1_500.jpg?202401091201
29,댄디,훈훈한 스타일,21.12.29,"3,682",7,아가일 패턴이 돋보이는 카디건과 데님 팬츠를 매치하고 머플러를 더해 연출한 댄디 룩,"#아가일,#레더,#남친룩,#데이트,#슬림핏,#겨울,#댄디,#트릴리온,#필루미네이트,#쿠어,#커스텀에이드,#커스텀어클락,#247 서울,#엘엠씨,#토트백,#반소매 티셔츠,#셔츠/블라우스,#데님 팬츠,#안경 소품,#부츠,#겨울 더블 코트,#머플러,#카디건",https://image.msscdn.net/images/codimap/detail/10738/detail_10738_1_500.jpg?202401091201
30,캐주얼,러블리 캐주얼,20.11.18,"10,819",7,"핑크 컬러 카디건과 터틀넥 니트, 데님 팬츠를 매치하고 비니로 완성한 캐주얼 룩","#가을,#캐주얼,#엠엘비,#5252 바이 오아이오아이,#아메스 월드와이드,#어피스오브케이크,#캔버스/단화,#비니,#메신저/크로스 백,#데님 팬츠",https://image.msscdn.net/images/codimap/detail/640/detail_640_1_500.jpg?202401091201
31,캐주얼,오늘의 무드,21.12.06,"7,057",7,편하게 입기 좋은 후드 티셔츠와 데님 팬츠를 매치하고 스타디움 재킷으로 마무리한 캐주얼 룩,"#캠퍼스,#로고플레이,#셀럽템,#SELF_LOVE,#와이드핏,#워싱,#겨울,#캐주얼,#이스트쿤스트,#에스피오나지,#야세,#후드 티셔츠,#스타디움 재킷,#데님 팬츠,#슬리퍼",https://image.msscdn.net/images/codimap/detail/9786/detail_9786_1_500.jpg?202401091201
32,비즈니스캐주얼,단정한 모습,21.11.26,"5,879",7,미니멀한 실루엣의 롱 코트와 슬랙스를 매치하고 브리프케이스로 마무리한 포멀 룩,"#모노톤,#단정한,#미니멀,#출근룩,#레더,#와이드핏,#가을,#포멀,#커스텀어클락,#시그니처,#슈커스,#탄틴,#베이직하우스,#수아레,#크리스챤모드,#반소매 티셔츠,#카디건,#슈트 팬츠/슬랙스,#안경 소품,#액자/포스터,#부츠,#브리프케이스,#긴소매 티셔츠,#쿼츠 아날로그,#비즈니스캐주얼",https://image.msscdn.net/images/codimap/detail/9506/detail_9506_1_500.jpg?202401091201
33,아메카지,색감에 반해,22.11.02,"7,503",7,버건디 컬러가 돋보이는 스웨트셔츠와 코튼 팬츠를 코디하고 피시테일 파카로 연출한 캐주얼 룩,"#겨울,#아메리칸 캐주얼,#라퍼지스토어,#리넥츠,#마지언타이틀,#이피티,#티엔피,#페이퍼보이,#레터링,#핀턱,#꾸안꾸,#아메카지,#비니,#사파리/헌팅 재킷,#캔버스/단화,#메신저/크로스 백,#맨투맨/스웨트셔츠,#코튼 팬츠",https://image.msscdn.net/images/codimap/detail/19546/detail_19546_1_500.jpg?202401091201
34,아메카지,센스 있는 아메카지,22.10.26,"8,423",7,코듀로이 소재가 돋보이는 코튼 팬츠와 니트를 코디하고 피시테일 파카로 마무리한 아메리칸 캐주얼 룩,"#아메카지,#뉴트럴톤,#스트라이프,#코듀로이,#핀턱,#편안한,#가을,#아메리칸 캐주얼,#바스토,#코드그라피,#비전스트릿웨어,#말렌,#루킹포유,#더블유브이프로젝트,#캔버스/단화,#사파리/헌팅 재킷,#니트/스웨터,#메신저/크로스 백,#비니,#코튼 팬츠",https://image.msscdn.net/images/codimap/detail/19410/detail_19410_1_500.jpg?202401091201
35,캐주얼,캠퍼스 룩,21.07.12,"7,456",7,패턴이 돋보이는 베스트와 반팔 티셔츠를 레이어드하고 데님 팬츠와 백팩으로 마무리한 캐주얼 룩,"#로고플레이,#체크,#캠퍼스,#여름,#캐주얼,#버빌리안,#오니츠카타이거,#스파오,#플랙,#예일,#백팩,#기타 컬처,#패션스니커즈화,#데님 팬츠,#반소매 티셔츠",https://image.msscdn.net/images/codimap/detail/4332/detail_4332_1_500.jpg?202401091201
36,캐주얼,캐주얼 룩의 정석,20.11.06,"16,420",7,패턴이 돋보이는 니트와 데님 재킷을 스타일링하고 슬랙스로 완성한 캐주얼 룩,"#가을,#캐주얼,#컨버스,#폴로 랄프 로렌,#리,#앤더슨벨,#홀리선,#캔버스/단화,#캡/야구 모자,#에코백,#잡지/무크지,#트러커 재킷",https://image.msscdn.net/images/codimap/detail/466/detail_466_1_500.jpg?202401091201
37,아메카지,아메카지의 정석,22.11.21,"9,130",6,퀼팅 디테일이 돋보이는 헌팅 재킷과 코듀로이 베스트를 코디하고 벌룬 핏 팬츠와 더비 슈즈로 연출한 아메리칸 캐주얼 룩,"#겨울,#아메리칸 캐주얼,#디미트리블랙,#로맨틱무브,#애끼,#에스피오나지,#예일,#카부,#프리즘웍스,#아메카지,#뉴트럴톤,#코듀로이,#퀼팅,#벌룬핏,#컬러블록,#헌팅캡/베레모,#셔츠/블라우스,#팔찌,#구두,#베스트,#사파리/헌팅 재킷,#코튼 팬츠",https://image.msscdn.net/images/codimap/detail/19873/detail_19873_1_500.jpg?202401091201
38,댄디,레더 스타일링,21.09.28,"8,266",6,깔끔한 디테일의 니트에 슬랙스를 코디하고 레더 재킷으로 마무리한 댄디 룩,"#레더,#단정한,#남친룩,#미니멀,#데이트,#와이드핏,#핀턱,#가을,#댄디,#내셔널 퍼블리시티,#리트,#비에스큐티바이클래시,#라퍼지스토어,#마하그리드,#일꼬르소,#클러치 백,#슈트 팬츠/슬랙스,#안경 소품,#부츠,#레더/라이더스 재킷,#목걸이/펜던트,#니트/스웨터",https://image.msscdn.net/images/codimap/detail/7224/detail_7224_1_500.jpg?202401091201
39,비즈니스캐주얼,클래식한 실루엣,21.01.15,"4,397",6,체크 패턴이 돋보이는 코트와 카디건을 레이어드하고 부츠로 멋을 더한 세미 포멀 룩,"#겨울,#포멀,#드로우핏,#발렌티노 루디,#에노우,#블랭크룸,#랩12,#벨룻,#겨울 더블 코트,#디지털,#페도라,#쿼츠 아날로그,#반려동물용품,#미니스커트,#부츠,#비즈니스캐주얼",https://image.msscdn.net/images/codimap/detail/1450/detail_1450_1_500.jpg?202401091201
40,캐주얼,귀여운 프레피 룩,21.06.04,"12,361",6,귀여운 자수 로고가 돋보이는 베스트에 숏 팬츠를 매치하고 크로스 백으로 포인트를 더한 캐주얼 룩,"#체크,#프레피룩,#레이어드룩,#피크닉,#여름,#캐주얼,#컨버스,#브래디백,#리,#후아유,#비욘드클로젯,#캔버스/단화,#메신저/크로스 백,#잡지/무크지,#숏 팬츠,#피케/카라 티셔츠,#베스트",https://image.msscdn.net/images/codimap/detail/3467/detail_3467_1_500.jpg?202401091201
41,댄디,데이트하는 날,21.09.07,"17,882",6,아가일 패턴이 돋보이는 카디건과 슬랙스를 코디하고 토트백으로 마무리한 댄디 룩,"#아가일,#모노톤,#데이트,#남친룩,#가을,#댄디,#엘에이알,#니티드,#후러브스아트,#까르벵 워치,#쌤소나이트 레드,#카디건,#슈트 팬츠/슬랙스,#쿼츠 아날로그,#토트백",https://image.msscdn.net/images/codimap/detail/6418/detail_6418_1_500.jpg?202401091201
42,스트릿,따라 입고 싶어,21.08.30,"2,269",6,컬러 블록이 돋보이는 윈드브레이커와 타이다이 티셔츠를 스타일링하고 조거 팬츠로 완성한 스트릿 룩,"#컬러블록,#타이다이,#그래픽,#페스티벌,#여름,#스트릿,#써치410,#논논,#어피스오브케이크,#스컬프터,#버킷/사파리햇,#목걸이/펜던트,#긴소매 티셔츠,#트레이닝/조거 팬츠",https://image.msscdn.net/images/codimap/detail/6116/detail_6116_1_500.jpg?202401091201
43,캐주얼,남친 룩 추천,21.06.11,"11,037",6,로고 프린팅이 돋보이는 티셔츠에 스트라이프 셔츠를 더하고 데님 팬츠로 마무리한 캐주얼 룩,"#남친룩,#스트라이프,#로고플레이,#모노톤,#꾸안꾸,#여름,#캐주얼,#리,#닥터마틴,#와릿이즌,#엑스톤즈,#셔츠/블라우스,#반소매 티셔츠,#샌들,#숄더백,#데님 팬츠",https://image.msscdn.net/images/codimap/detail/3666/detail_3666_1_500.jpg?202401091201
44,캐주얼,피크닉 가자!,21.08.20,"2,817",6,그래픽이 돋보이는 스웨트셔츠와 숏 팬츠를 스타일링한 후 스니커즈로 마무리한 캐주얼 룩,"#피크닉,#그래픽,#뉴트럴톤,#여름,#캐주얼,#그루브라임,#유니폼브릿지,#뉴발란스,#피지컬 에듀케이션 디파트먼트,#숏 팬츠,#선글라스,#액자/포스터,#버킷/사파리햇,#맨투맨/스웨트셔츠",https://image.msscdn.net/images/codimap/detail/5796/detail_5796_1_500.jpg?202401091201
45,아메카지,실패 없는 코디,21.06.11,"8,421",6,오버 핏 티셔츠와 벌룬 팬츠를 코디하고 샌들로 완성한 아메리칸 캐주얼 룩,"#미니멀,#아메카지,#뉴트럴톤,#벌룬핏,#여름,#아메리칸 캐주얼,#로우로우,#한글안경,#유니폼브릿지,#커버낫,#미니멀프로젝트,#메신저/크로스 백,#기타 컬처,#안경,#코튼 팬츠,#샌들,#반소매 티셔츠",https://image.msscdn.net/images/codimap/detail/3670/detail_3670_1_500.jpg?202401091201
46,아메카지,아메카지 무드,22.11.10,"6,505",6,패턴 디테일이 매력적인 베스트와 셔츠를 레이어드하고 코튼 팬츠로 완성한 아메리칸 캐주얼 룩,"#겨울,#아메리칸 캐주얼,#사운즈라이프,#윙스풋,#제이반스 클래식,#테이크이지,#포디어웍스,#프라이노크,#후브스,#아메카지,#레이어드룩,#뉴트럴톤,#벌룬핏,#머플러,#메신저/크로스 백,#셔츠/블라우스,#코튼 팬츠,#니트/스웨터,#캔버스/단화,#숏패딩/숏헤비 아우터",https://image.msscdn.net/images/codimap/detail/19699/detail_19699_1_500.jpg?202401091201
47,아메카지,아메카지 무드,22.06.17,"4,887",6,캐주얼 무드의 반소매 셔츠와 와이드 핏 팬츠를 매치하고 스니커즈로 완성한 아메리칸 캐주얼 룩,"#뉴트럴톤,#핀턱,#와이드핏,#아메카지,#린넨,#꾸안꾸,#여름,#아메리칸 캐주얼,#베르투치,#오니츠카타이거,#에메모가든,#프리즘웍스,#쿼츠 아날로그,#패션스니커즈화,#메신저/크로스 백,#셔츠/블라우스",https://image.msscdn.net/images/codimap/detail/17104/detail_17104_1_500.jpg?202401091201
48,비즈니스캐주얼,깔끔한 연출,21.11.10,"3,716",6,간결한 실루엣의 카디건과 슬랙스를 매치하고 더블 코트로 완성한 포멀 룩,"#와이드핏,#단정한,#출근룩,#미니멀,#모노톤,#가을,#포멀,#드로우핏,#인사일런스,#로헤이드,#비비엔디,#슈트 팬츠/슬랙스,#긴소매 티셔츠,#겨울 더블 코트,#안경,#구두,#비즈니스캐주얼",https://image.msscdn.net/images/codimap/detail/8856/detail_8856_1_500.jpg?202401091201
49,비즈니스캐주얼,완벽한 스타일링,21.09.15,"4,220",6,간결한 실루엣의 셔츠와 니트를 레이어드하고 슬랙스로 완성한 포멀 룩,"#레이어드룩,#톤온톤,#출근룩,#단정한,#미니멀,#레더,#가을,#포멀,#드로우핏,#씨오큐,#로스트가든,#에가든,#쿠어,#효지노리코,#필루미네이트,#반소매 티셔츠,#셔츠/블라우스,#슈트/블레이저 재킷,#구두,#시계 용품,#토트백,#슈트 팬츠/슬랙스,#비즈니스캐주얼",https://image.msscdn.net/images/codimap/detail/6755/detail_6755_1_500.jpg?202401091201
50,로맨틱,레트로 스타일링,21.05.17,"2,335",6,빈티지 무드의 블라우스와 데님 팬츠를 코디한 로맨틱 룩,"#봄,#로맨틱,#디모멘트,#게스,#앨리스마샤,#덱케,#리올그,#귀걸이,#데님 팬츠,#숄더백,#힐/펌프스,#헤어 액세서리,#셔츠/블라우스",https://image.msscdn.net/images/codimap/detail/3187/detail_3187_1_500.jpg?202401091201
51,비즈니스캐주얼,데이트 룩 완성!,21.02.08,"10,898",5,"미니멀 무드의 코트와 카디건, 슬랙스를 연출하고 스니커즈로 마무리한 세미 포멀 룩","#봄,#포멀,#무신사 스탠다드,#겨울 싱글 코트,#디지털,#페도라,#반소매 티셔츠,#카디건,#벨트,#니트/스웨터,#캔버스/단화,#슈트 팬츠/슬랙스,#안경 소품,#토이,#비즈니스캐주얼",https://image.msscdn.net/images/codimap/detail/1765/detail_1765_1_500.jpg?202401091201
52,캐주얼,가볍게 툭!,21.05.31,"3,500",5,로고 프린팅이 돋보이는 반팔 티셔츠와 데님 팬츠를 매치하고 플로럴 패턴 에코백으로 포인트를 준 캐주얼 룩,"#편안한,#로고플레이,#플라워,#슬림핏,#찢청,#봄,#캐주얼,#캐치볼,#소곤소곤,#닉앤니콜,#오드스튜디오,#하카블랙스,#캔버스/단화,#에코백,#잡지/무크지,#안경,#셔츠/블라우스,#반소매 티셔츠,#팔찌",https://image.msscdn.net/images/codimap/detail/3369/detail_3369_1_500.jpg?202401091201
53,캐주얼,레트로 무드,21.03.12,"11,756",5,스트라이프 패턴이 돋보이는 카라 티셔츠와 와이드 핏의 데님 팬츠를 매치하고 레트로한 무드가 느껴지는 안경으로 마무리한 캐주얼 룩,"#봄,#캐주얼,#캉골,#퍼블릭아이콘,#디스이즈네버댓,#루킹포유,#커버낫,#메신저/크로스 백,#기타 컬처,#데님 팬츠,#안경 소품,#헌팅캡/베레모,#캔버스/단화,#안경,#맨투맨/스웨트셔츠",https://image.msscdn.net/images/codimap/detail/2235/detail_2235_1_500.jpg?202401091201
54,캐주얼,활동하기 최고,21.09.23,"6,527",5,편하게 입기 좋은 스웨트셔츠와 블루종을 연출하고 스니커즈로 완성한 이지 캐주얼 룩,"#카고,#와이드핏,#편안한,#원마일웨어,#로고플레이,#가을,#캐주얼,#라퍼지스토어,#챕터에잇,#지프,#인터섹션,#데이트,#안경 소품,#디퓨저/캔들,#캡/야구 모자,#맨투맨/스웨트셔츠,#블루종/MA-1,#기타 스니커즈",https://image.msscdn.net/images/codimap/detail/7069/detail_7069_1_500.jpg?202401091201
55,캐주얼,그린 포인트!,21.05.28,"5,517",5,"그린 컬러가 돋보이는 반팔 니트와 숏 팬츠를 연출하고 토트백, 첼시 부츠로 완성한 캐주얼 룩","#파스텔,#피크닉,#봄,#캐주얼,#타게토,#닥터마틴,#108서울,#아메스 월드와이드,#리,#선글라스,#부츠,#기타 스니커즈,#헤어 액세서리,#니트/스웨터,#숄더백",https://image.msscdn.net/images/codimap/detail/3341/detail_3341_1_500.jpg?202401091201
56,스트릿,스트라이프 활용법,21.02.19,"2,879",5,데미지 디테일이 돋보이는 스트라이프 니트에 카고 팬츠를 매치하고 하이 탑 스니커즈로 마무리한 스트릿 룩,"#봄,#스트릿,#로파이,#베이어다이나믹,#플레어업,#어나더유스,#앤더슨벨,#레더/라이더스 재킷,#기타 시계,#캡/야구 모자,#헤드폰,#트레이닝/조거 팬츠,#목걸이/펜던트",https://image.msscdn.net/images/codimap/detail/1937/detail_1937_1_500.jpg?202401091201
57,캐주얼,캐주얼 룩의 정석,21.03.12,"11,198",5,스트라이프 패턴이 돋보이는 카라 티셔츠와 치노 팬츠를 매치하고 오렌지 컬러의 캠프캡으로 포인트 준 캐주얼 룩,"#봄,#캐주얼,#유니폼브릿지,#커버낫,#캡/야구 모자,#에코백,#코튼 팬츠,#캔버스/단화,#맨투맨/스웨트셔츠",https://image.msscdn.net/images/codimap/detail/2237/detail_2237_1_500.jpg?202401091201
58,캐주얼,멋 내는 방법,21.07.02,"5,989",5,그래픽이 돋보이는 반팔 티셔츠와 와이드 핏 데님 팬츠를 매치하고 스니커즈로 마무리한 캐주얼 룩,"#톤온톤,#그래픽,#캠퍼스,#남친룩,#와이드핏,#여름,#캐주얼,#아식스,#토피,#원헌드레드퍼센트,#밀리어네어햇,#패션스니커즈화,#데님 팬츠,#반소매 티셔츠,#헌팅캡/베레모",https://image.msscdn.net/images/codimap/detail/4031/detail_4031_1_500.jpg?202401091201
59,캐주얼,편하게 멋 내봐,21.09.08,"11,740",5,편하게 입기 좋은 스웨트셔츠와 데님 팬츠를 연출하고 백팩으로 완성한 캐주얼 룩,"#오버핏,#워싱,#캠퍼스,#꾸안꾸,#레이어드룩,#남친룩,#가을,#캐주얼,#제이반스 클래식,#커버낫,#페이탈리즘,#나이키,#팔찌,#백팩,#데님 팬츠,#기타 스니커즈,#셔츠/블라우스",https://image.msscdn.net/images/codimap/detail/6495/detail_6495_1_500.jpg?202401091201
60,캐주얼,편안한 조합,21.05.04,"19,397",5,캐주얼한 무드의 반팔 티셔츠와 와이드 팬츠를 코디하고 크로스 백으로 완성한 캐주얼 룩,"#봄,#캐주얼,#파르티멘토,#반스,#벗딥,#커버낫,#목걸이/펜던트,#캔버스/단화,#메신저/크로스 백,#코튼 팬츠,#반소매 티셔츠",https://image.msscdn.net/images/codimap/detail/3014/detail_3014_1_500.jpg?202401091201
61,캐주얼,센스 있어 보여,21.08.19,"2,121",5,크롭 니트에 데님 팬츠를 매치하고 스니커즈로 멋을 더한 캐주얼 룩,"#럭셔리,#찢청,#부츠컷,#하이웨이스트,#크롭,#여름,#캐주얼,#구찌,#앤더슨벨 포 우먼,#버버리,#디올,#팔찌,#숄더백,#캔버스/단화",https://image.msscdn.net/images/codimap/detail/5721/detail_5721_1_500.jpg?202401091201
62,캐주얼,가볍게 툭!,21.05.31,"3,500",5,로고 프린팅이 돋보이는 반팔 티셔츠와 데님 팬츠를 매치하고 플로럴 패턴 에코백으로 포인트를 준 캐주얼 룩,"#편안한,#로고플레이,#플라워,#슬림핏,#찢청,#봄,#캐주얼,#캐치볼,#소곤소곤,#닉앤니콜,#오드스튜디오,#하카블랙스,#캔버스/단화,#에코백,#잡지/무크지,#안경,#셔츠/블라우스,#반소매 티셔츠,#팔찌",https://image.msscdn.net/images/codimap/detail/3369/detail_3369_1_500.jpg?202401091201
63,캐주얼,따라 입어봐,22.10.19,"6,585",5,레터링이 돋보이는 후드 티셔츠와 데님 팬츠를 코디하고 스니커즈로 마무리한 캐주얼 룩,"#레터링,#와이드핏,#오버핏,#꾸안꾸,#캠퍼스,#리버서블,#가을,#캐주얼,#티떠블유엔,#그레이버,#어퍼스트로피 콤마,#아디다스,#에즈카톤,#브랜디드,#후드 티셔츠,#메신저/크로스 백,#비니,#패션스니커즈화,#블루종/MA-1,#데님 팬츠",https://image.msscdn.net/images/codimap/detail/19290/detail_19290_1_500.jpg?202401091201
64,아메카지,멋있는 실루엣,22.01.28,"5,515",5,코듀로이 셔츠와 베스트를 스타일링하고 코튼 팬츠로 마무리한 아메리칸 캐주얼 룩,"#아메카지,#뉴트럴톤,#벌룬핏,#오버핏,#레이어드룩,#퍼,#코듀로이,#핀턱,#겨울,#아메리칸 캐주얼,#프리즘웍스,#클레망,#오버다인,#다이아몬드 레이라,#사운즈라이프,#숏패딩/숏헤비 아우터,#비니,#구두,#로퍼,#메신저/크로스 백,#셔츠/블라우스",https://image.msscdn.net/images/codimap/detail/11872/detail_11872_1_500.jpg?202401091201
65,캐주얼,데일리 캠퍼스 룩,22.04.01,"4,139",5,편하게 입기 좋은 후드 티셔츠와 데님 팬츠를 매치하고 숄더백으로 마무리한 캐주얼 룩,"#로고플레이,#콜라보,#오버핏,#와이드핏,#워싱,#캠퍼스,#파스텔,#봄,#캐주얼,#컨버스,#브랜디드,#비전스트릿웨어,#3130스튜디오,#씨네드,#캔버스/단화,#데님 팬츠,#후드 티셔츠,#케이스/슬리브,#숄더백",https://image.msscdn.net/images/codimap/detail/14269/detail_14269_1_500.jpg?202401091201
66,캐주얼,트렌디해!,21.12.24,"2,758",5,디테일이 매력적인 롱스커트와 카디건을 코디하고 비니로 멋을 더한 캐주얼 룩,"#화사한,#편안한,#캠퍼스,#꾸안꾸,#파스텔,#원마일웨어,#겨울,#캐주얼,#라퍼지스토어,#아이러니포르노 화이트라인,#인사일런스 우먼,#페넥,#핑크파인애플,#시티브리즈,#포즈간츠,#숏패딩/숏헤비 아우터,#카디건,#토트백,#비니,#캔버스/단화",https://image.msscdn.net/images/codimap/detail/10552/detail_10552_1_500.jpg?202401091201
67,걸리시,누구나 반해,21.12.24,"4,771",5,체크 패턴이 돋보이는 미니스커트와 스웨트셔츠를 코디하고 숄더백으로 완성한 걸리시 룩,"#그래픽,#체크,#레이어드룩,#플리스,#키높이,#글로시,#귀여운,#레더,#여친룩,#짧치,#겨울,#걸리시,#아파트먼트,#타게토,#어피스오브케이크,#룩캐스트,#닥터마틴,#이로우리,#케이크,#헌팅캡/베레모,#맨투맨/스웨트셔츠,#부츠,#기타 스니커즈,#플리스/뽀글이,#숄더백",https://image.msscdn.net/images/codimap/detail/10551/detail_10551_1_500.jpg?202401091201
68,캐주얼,캐주얼하게,21.08.18,"6,451",5,그래픽이 매력적인 스웨트셔츠와 데님 팬츠를 코디하고 백팩으로 완성한 캐주얼 룩,"#그래픽,#와이드핏,#캠퍼스,#꾸안꾸,#여름,#캐주얼,#캐치볼,#써드위브,#어널러코드,#리끌로우,#피지컬 에듀케이션 디파트먼트,#캔버스/단화,#백팩,#안경 소품,#안경,#맨투맨/스웨트셔츠",https://image.msscdn.net/images/codimap/detail/5699/detail_5699_1_500.jpg?202401091201
69,캐주얼,모노 톤 스타일링,21.08.09,"9,831",5,그레이 컬러 셔츠와 린넨 팬츠를 매치하고 볼캡과 크로스 백으로 연출한 캐주얼 룩,"#모노톤,#와이드핏,#미니멀,#레더,#남친룩,#스트라이프,#여름,#캐주얼,#몬스터리퍼블릭,#리,#닥터마틴,#라퍼지스토어,#메신저/크로스 백,#캡/야구 모자,#슬리퍼,#코튼 팬츠",https://image.msscdn.net/images/codimap/detail/5349/detail_5349_1_500.jpg?202401091201
70,캐주얼,레트로 무드,21.03.12,"11,756",5,스트라이프 패턴이 돋보이는 카라 티셔츠와 와이드 핏의 데님 팬츠를 매치하고 레트로한 무드가 느껴지는 안경으로 마무리한 캐주얼 룩,"#봄,#캐주얼,#캉골,#퍼블릭아이콘,#디스이즈네버댓,#루킹포유,#커버낫,#메신저/크로스 백,#기타 컬처,#데님 팬츠,#안경 소품,#헌팅캡/베레모,#캔버스/단화,#안경,#맨투맨/스웨트셔츠",https://image.msscdn.net/images/codimap/detail/2235/detail_2235_1_500.jpg?202401091201
71,캐주얼,멋 내는 방법,21.07.02,"5,989",5,그래픽이 돋보이는 반팔 티셔츠와 와이드 핏 데님 팬츠를 매치하고 스니커즈로 마무리한 캐주얼 룩,"#톤온톤,#그래픽,#캠퍼스,#남친룩,#와이드핏,#여름,#캐주얼,#아식스,#토피,#원헌드레드퍼센트,#밀리어네어햇,#패션스니커즈화,#데님 팬츠,#반소매 티셔츠,#헌팅캡/베레모",https://image.msscdn.net/images/codimap/detail/4031/detail_4031_1_500.jpg?202401091201
72,걸리시,워너비 스타일,22.10.21,"7,793",5,카키 컬러가 돋보이는 크롭 니트와 셔츠를 레이어드하고 미니스커트와 베레를 더해 완성한 걸리시 룩,"#레이어드룩,#크롭,#셔링,#짧치,#A라인,#뉴트럴톤,#핀턱,#가을,#걸리시,#셰르뚜아 서울,#엠엠지엘,#어반드레스,#헤인트,#뚜오미오,#파인드카푸어,#언더컨트롤 스튜디오,#부츠,#트러커 재킷,#미니스커트,#셔츠/블라우스,#토트백,#헌팅캡/베레모",https://image.msscdn.net/images/codimap/detail/19351/detail_19351_1_500.jpg?202401091201
73,걸리시,귀여운 매치,21.05.17,"1,946",5,오버 핏 셔츠와 플리츠스커트를 매치하고 그래픽 디테일이 매력적인 크로스 백으로 마무리한 걸리시 룩,"#봄,#걸리시,#유리메라,#큐리티,#플리즈프로젝트,#에잇세컨즈,#기타 스니커즈,#미니스커트,#메신저/크로스 백,#헤어 액세서리",https://image.msscdn.net/images/codimap/detail/3189/detail_3189_1_500.jpg?202401091201
74,캐주얼,편하게 멋 내봐,21.09.08,"11,740",5,편하게 입기 좋은 스웨트셔츠와 데님 팬츠를 연출하고 백팩으로 완성한 캐주얼 룩,"#오버핏,#워싱,#캠퍼스,#꾸안꾸,#레이어드룩,#남친룩,#가을,#캐주얼,#제이반스 클래식,#커버낫,#페이탈리즘,#나이키,#팔찌,#백팩,#데님 팬츠,#기타 스니커즈,#셔츠/블라우스",https://image.msscdn.net/images/codimap/detail/6495/detail_6495_1_500.jpg?202401091201
75,스트릿,힙한 무드,21.08.24,"4,578",5,그래픽이 돋보이는 반팔 티셔츠에 후드 티셔츠를 더하고 조거 팬츠로 완성한 스트릿 룩,"#모노톤,#그래픽,#유니크,#페스티벌,#크롭,#레이어드룩,#여름,#스트릿,#스컬프터,#제로플래닛,#배디,#시티브리즈,#네스티팬시클럽,#트레이닝/조거 팬츠,#숄더백,#후드 티셔츠,#반소매 티셔츠,#목걸이/펜던트",https://image.msscdn.net/images/codimap/detail/5873/detail_5873_1_500.jpg?202401091201
76,스트릿,스트릿 무드,21.09.06,"4,496",5,플리스 재킷과 슬리브리스를 연출하고 스니커즈로 포인트를 준 스트릿 룩,"#컬러블록,#페스티벌,#유니크,#화사한,#가을,#스트릿,#스컬프터,#논논,#디스이즈네버댓,#하이스쿨디스코,#5252 바이 오아이오아이,#트레이닝/조거 팬츠,#안경 소품,#디퓨저/캔들,#목걸이/펜던트,#비니,#플리스/뽀글이",https://image.msscdn.net/images/codimap/detail/6348/detail_6348_1_500.jpg?202401091201
77,스트릿,서머 스트릿,21.06.10,"2,709",5,유니크한 프린팅이 돋보이는 팬츠와 반팔 티셔츠를 매치하고 크로스 백으로 멋을 더한 스트릿 룩,"#컬러포인트,#유니크,#그래픽,#여름,#스트릿,#뎃츠잇,#알렌느,#오니츠카타이거,#노우웨이브,#팔렛,#지샥,#목걸이/펜던트,#메신저/크로스 백,#기타 컬처,#코튼 팬츠,#반소매 티셔츠,#디지털",https://image.msscdn.net/images/codimap/detail/3633/detail_3633_1_500.jpg?202401091201
78,걸리시,하이틴 무드,21.07.30,"4,250",4,뒷면 리본 디테일이 매력적인 크롭 티셔츠와 미니스커트를 연출하고 크로스 백으로 완성한 걸리시 룩,"#크롭,#체크,#짧치,#하이틴룩,#여름,#걸리시,#아파트먼트,#스칼렛또,#오아이오아이,#세인트스코트,#레이첼콕스,#미니스커트,#반지,#반소매 티셔츠,#메신저/크로스 백,#크로스백,#플랫 슈즈",https://image.msscdn.net/images/codimap/detail/5029/detail_5029_1_500.jpg?202401091201
79,캐주얼,숏 패딩 활용법,20.11.26,"8,898",4,자수 디테일이 돋보이는 스웨트셔츠와 코튼 팬츠를 스타일링하고 스니커즈로 포인트를 준 캐주얼 룩,"#가을,#캐주얼,#디스이즈네버댓,#비슬로우,#엘엠씨,#커버낫,#숏패딩/숏헤비 아우터,#백팩,#셔츠/블라우스,#맨투맨/스웨트셔츠",https://image.msscdn.net/images/codimap/detail/762/detail_762_1_500.jpg?202401091201
80,댄디,멋이란 이런 것,21.09.13,"3,368",4,담백한 실루엣의 셔츠와 니트 베스트를 레이어드하고 슬랙스를 더해 완성한 댄디 룩,"#레이어드룩,#모노톤,#와이드핏,#핀턱,#미니멀,#데이트,#레더,#가을,#댄디,#유니폼브릿지,#벨룻,#아노블리어,#드로우핏,#유니온블루,#비바스튜디오,#슈트 팬츠/슬랙스,#안경 소품,#액자/포스터,#구두,#베스트,#메신저/크로스 백,#팔찌,#셔츠/블라우스",https://image.msscdn.net/images/codimap/detail/6646/detail_6646_1_500.jpg?202401091201
81,시크,컬러에 주목!,21.08.19,995,4,"감각적인 디자인의 원피스와 크로스 백, 선글라스로 완성한 시크 룩","#럭셔리,#컬러블록,#플리츠,#여름,#시크,#막스마라,#페라가모,#앤더슨벨 포 우먼,#구찌,#발렌시아가,#선글라스,#귀걸이,#숄더백,#구두",https://image.msscdn.net/images/codimap/detail/5717/detail_5717_1_500.jpg?202401091201
82,캐주얼,꾸안꾸 코디,21.08.20,"6,042",4,스트라이프 패턴이 돋보이는 티셔츠와 조거 팬츠를 매치하고 볼캡으로 완성한 캐주얼 룩,"#편안한,#로고플레이,#스트라이프,#여름,#캐주얼,#마지언타이틀,#휠라,#컨버스,#스컬프터,#메신저/크로스 백,#캡/야구 모자,#트레이닝/조거 팬츠,#긴소매 티셔츠",https://image.msscdn.net/images/codimap/detail/5807/detail_5807_1_500.jpg?202401091201
83,캐주얼,스쿨 룩의 정석,21.08.03,"2,426",4,그래픽이 돋보이는 반팔 티셔츠와 데님 팬츠를 매치한 후 스니커즈로 포인트를 준 캐주얼 룩,"#그래픽,#캠퍼스,#남친룩,#꾸안꾸,#여름,#캐주얼,#벤 데이비스,#컨버스,#유니폼브릿지,#지샥,#나이스고스트클럽,#백팩,#기타 컬처,#캔버스/단화,#데님 팬츠,#디지털",https://image.msscdn.net/images/codimap/detail/5161/detail_5161_1_500.jpg?202401091201
84,캐주얼,센스 있는 조합,21.07.26,"6,278",4,그래픽이 돋보이는 반팔 티셔츠와 벌룬 팬츠를 매치하고 목걸이로 포인트를 준 캐주얼 룩,"#그래픽,#오버핏,#벌룬핏,#캠퍼스,#꾸안꾸,#여름,#캐주얼,#쿼르코어,#커스텀에이드,#미니멀프로젝트,#리끌로우,#언아웃핏,#비바스튜디오,#목걸이/펜던트,#캔버스/단화,#데님 팬츠,#안경 소품,#안경,#백팩,#반소매 티셔츠",https://image.msscdn.net/images/codimap/detail/4854/detail_4854_1_500.jpg?202401091201
85,스트릿,유니크한 매치,21.03.15,"1,674",4,로고 디테일이 돋보이는 블레이저 재킷과 유니크한 패턴의 데님 팬츠로 완성한 스트릿 룩,"#봄,#스트릿,#뎃츠잇,#이스트쿤스트,#리복,#라츠,#엠엘비,#볼컴,#목걸이/펜던트,#반소매 티셔츠,#패션스니커즈화,#데님 팬츠,#캡/야구 모자",https://image.msscdn.net/images/codimap/detail/2247/detail_2247_1_500.jpg?202401091201
86,댄디,매력적인 댄디 룩,21.08.02,"3,780",4,담백한 실루엣의 반팔 셔츠와 슬랙스를 연출하고 토트백으로 완성한 댄디 룩,"#와이드핏,#데이트,#레더,#미니멀,#여름,#댄디,#하프크라이즈 레이아웃,#제로,#스칼렛또블랙,#질스튜어트 맨 액세서리,#엘칸토,#슈트 팬츠/슬랙스,#안경 소품,#디퓨저/캔들,#셔츠/블라우스,#팔찌,#숄더백,#샌들",https://image.msscdn.net/images/codimap/detail/5105/detail_5105_1_500.jpg?202401091201
87,캐주얼,캠퍼스 코디 추천,22.04.29,"18,628",4,로고가 돋보이는 반팔 티셔츠와 와이드 핏 팬츠를 매치한 후 볼캡으로 마무리한 캐주얼 룩,"#캠퍼스,#로고플레이,#와이드핏,#컬러포인트,#봄,#캐주얼,#카비시,#수아레,#널디,#우알롱,#케이스/슬리브,#반소매 티셔츠,#코튼 팬츠,#기타 스니커즈,#캡/야구 모자",https://image.msscdn.net/images/codimap/detail/15351/detail_15351_1_500.jpg?202401091201
88,캐주얼,편하고 멋있게,21.07.14,"10,593",4,오버 핏 반팔 셔츠에 벌룬 숏 팬츠를 매치하고 버킷햇으로 멋을 더한 캐주얼 룩,"#오버핏,#벌룬핏,#시티보이룩,#로고플레이,#여름,#캐주얼,#트래블,#라퍼지스토어,#셔츠/블라우스,#메신저/크로스 백",https://image.msscdn.net/images/codimap/detail/4437/detail_4437_1_500.jpg?202401091201
89,댄디,블랙의 멋,21.10.26,"17,421",4,깔끔한 실루엣의 터틀넥 니트와 데님 팬츠를 코디하고 레더 재킷으로 마무리한 댄디 룩,"#레더,#모노톤,#데이트,#슬림핏,#가을,#댄디,#플랙,#에이징씨씨씨,#카시오,#닉앤니콜 포 맨,#로맨틱무브,#드로우핏,#데님 팬츠,#안경 소품,#액자/포스터,#레더/라이더스 재킷,#쿼츠 아날로그,#토트백,#부츠,#니트/스웨터",https://image.msscdn.net/images/codimap/detail/8281/detail_8281_1_500.jpg?202401091201
90,비즈니스캐주얼,트렌디한 출근 룩,21.10.06,"12,272",4,단정한 셔츠와 슈트 셋업을 매치하고 더비 슈즈로 완성한 포멀 룩,"#셋업코디,#출근룩,#단정한,#격식,#미니멀,#가을,#포멀,#마노모스,#닥터마틴,#라퍼지스토어,#수아레,#안경,#구두,#셔츠/블라우스,#비즈니스캐주얼",https://image.msscdn.net/images/codimap/detail/7530/detail_7530_1_500.jpg?202401091201
91,스트릿,시선 집중 베스트,21.02.25,"5,773",4,레오퍼드 패턴이 돋보이는 패딩 베스트에 후드 티셔츠를 매치하고 빅 로고 디테일의 스니커즈로 마무리한 스트릿 룩,"#봄,#스트릿,#페플,#엠엘비,#스컬캔디,#인스턴트펑크,#노스페이스,#반소매 티셔츠,#후드 티셔츠,#기타 스니커즈,#헤드폰,#트레이닝/조거 팬츠,#패딩 베스트",https://image.msscdn.net/images/codimap/detail/2019/detail_2019_1_500.jpg?202401091201
92,캐주얼,체크 패턴 활용법,20.10.29,"3,139",4,그린 컬러 니트와 슬랙스를 매치하고 안경으로 마무리한 이지 캐주얼 룩,"#가을,#캐주얼,#어커버,#유니폼브릿지,#미나브,#르네 하우윈,#슈트 팬츠/슬랙스,#안경 소품,#반소매 티셔츠,#셔츠/블라우스,#안경",https://image.msscdn.net/images/codimap/detail/330/detail_330_1_500.jpg?202401091201
93,캐주얼,지금 입기 좋아,22.04.14,"6,223",4,깔끔한 디자인의 반팔 티셔츠와 카고 팬츠를 코디하고 에코백으로 완성한 캐주얼 룩,"#캠퍼스,#와이드핏,#오버핏,#카고,#로고플레이,#봄,#캐주얼,#낫포너드,#파르티멘토,#리,#카시오,#커먼프로젝트,#트레이닝/조거 팬츠,#안경 소품,#셔츠/블라우스,#반소매 티셔츠,#에코백,#디지털",https://image.msscdn.net/images/codimap/detail/14701/detail_14701_1_500.jpg?202401091201
94,댄디,깔끔한 무드,21.10.01,"9,352",4,깔끔한 실루엣의 블루종에 니트와 데님 팬츠를 코디하고 앵클부츠로 마무리한 댄디 룩,"#미니멀,#남친룩,#오버핏,#레더,#데이트,#가을,#댄디,#테이크이지,#이오유스튜디오,#로스트가든,#피스워커,#프록시엘,#라퍼지스토어,#반소매 티셔츠,#니트/스웨터,#목걸이/펜던트,#부츠,#데님 팬츠,#브리프케이스",https://image.msscdn.net/images/codimap/detail/7394/detail_7394_1_500.jpg?202401091201
95,비즈니스캐주얼,담백한 실루엣,21.11.04,"3,805",4,와펜 디테일이 돋보이는 카디건과 슬랙스를 스타일링한 후 백팩으로 마무리한 포멀 룩,"#모노톤,#체크,#단정한,#핀턱,#출근룩,#레더,#와펜,#가을,#포멀,#비욘드클로젯,#쌤소나이트,#제로라운지,#트릴리온,#락포트,#수아레,#주앙옴므,#카디건,#백팩,#머플러,#셔츠/블라우스,#구두,#슈트 팬츠/슬랙스,#비즈니스캐주얼",https://image.msscdn.net/images/codimap/detail/8674/detail_8674_1_500.jpg?202401091201
96,캐주얼,캐주얼의 정석,21.01.04,"9,463",4,보온성을 더해줄 퍼 재킷에 스웨트셔츠와 스웨트 팬츠를 매치하고 블루 컬러 아이템으로 포인트를 준 이지 캐주얼 룩,"#겨울,#캐주얼,#바이시클트로피,#컨버스,#아웃스탠딩,#예일,#후아유,#팔찌,#캔버스/단화,#트레이닝/조거 팬츠,#맨투맨/스웨트셔츠,#캡/야구 모자",https://image.msscdn.net/images/codimap/detail/1277/detail_1277_1_500.jpg?202401091201
97,비즈니스캐주얼,미니멀 감각,22.01.14,"3,083",4,블루 컬러가 돋보이는 니트와 슬랙스를 매치하고 토트백으로 마무리한 포멀 룩,"#단정한,#격식,#출근룩,#레더,#오버핏,#얼죽코,#레이어드룩,#슬림핏,#겨울,#포멀,#제이반스 클래식,#로에일,#세인트 갤러리,#비비엔디,#더니트컴퍼니,#수아레,#머플러,#반소매 티셔츠,#긴소매 티셔츠,#토트백,#구두,#슈트 팬츠/슬랙스,#니트/스웨터,#겨울 싱글 코트,#비즈니스캐주얼",https://image.msscdn.net/images/codimap/detail/11363/detail_11363_1_500.jpg?202401091201
98,캐주얼,귀여운 포인트,21.06.01,"3,422",4,그래픽 디테일이 돋보이는 반팔 티셔츠와 데님 팬츠로 완성한 캐주얼 룩,"#캠퍼스,#그래픽,#여름,#캐주얼,#이피티,#잇터,#엘엠씨,#노스페이스,#트래블,#캔버스/단화,#캡/야구 모자,#데님 팬츠,#백팩",https://image.msscdn.net/images/codimap/detail/3378/detail_3378_1_500.jpg?202401091201
99,댄디,깔끔한 레이어드,21.07.16,"13,753",4,니트 베스트에 반팔 티셔츠를 레이어드하고 데님 팬츠로 마무리한 댄디 룩,"#미니멀,#남친룩,#데이트,#레더,#여름,#댄디,#페이탈리즘,#몬스터리퍼블릭,#로스트가든,#블론드나인,#브렌슨,#데님 팬츠,#안경 소품,#메신저/크로스 백,#안경,#구두,#베스트,#반소매 티셔츠",https://image.msscdn.net/images/codimap/detail/4551/detail_4551_1_500.jpg?202401091201
100,아메카지,캐주얼의 정석,21.07.02,"5,403",4,오버 핏 반팔 티셔츠와 벌룬 팬츠를 코디하고 토트백으로 완성한 아메리칸 캐주얼 룩,"#아메카지,#벌룬핏,#뉴트럴톤,#로고플레이,#오버핏,#꾸안꾸,#여름,#아메리칸 캐주얼,#제멋,#벤 데이비스,#그라미치,#커버낫,#뉴발란스,#코튼 팬츠,#안경 소품,#캡/야구 모자,#숄더백,#반소매 티셔츠,#샌들",https://image.msscdn.net/images/codimap/detail/4025/detail_4025_1_500.jpg?202401091201
101,시크,넘볼 수 없는 분위기,21.05.24,"1,699",4,유니크한 그래픽이 돋보이는 튜브 탑과 와이드 팬츠로 연출한 시크 룩,"#그래픽,#모노톤,#봄,#시크,#레이지던,#블랑토,#유즈,#블랭크룸,#엣클립,#귀걸이,#힐/펌프스,#코튼 팬츠,#숄더백",https://image.msscdn.net/images/codimap/detail/3250/detail_3250_1_500.jpg?202401091201
102,캐주얼,산뜻한 컬러,20.10.27,"15,894",4,산뜻한 매력의 오렌지 스웨트셔츠에 크림 진을 매치하고 스웨이드 스니커즈로 마무리한 캠퍼스 룩,"#가을,#캐주얼,#오버캐스트,#유니폼브릿지,#폭스바겐 와치,#제로,#타미진스,#뉴발란스,#캡/야구 모자,#반소매 티셔츠,#디지털,#미니스커트,#트레이닝/조거 팬츠,#안경 소품,#웨이스트 백",https://image.msscdn.net/images/codimap/detail/232/detail_232_1_500.jpg?202401091201
103,걸리시,언제나 귀여워,21.08.20,"3,294",4,"퍼프소매가 돋보이는 미디 원피스에 카디건을 더하고, 플랫 슈즈로 완성한 걸리시 룩","#피크닉,#화사한,#체크,#여친룩,#여름,#걸리시,#마이부,#헤더먼트,#오뜨르 뒤 몽드,#위아이윤,#락피쉬웨더웨어,#목걸이/펜던트,#카디건,#미니 원피스,#헤어 액세서리,#숄더백,#힐/펌프스",https://image.msscdn.net/images/codimap/detail/5782/detail_5782_1_500.jpg?202401091201
104,캐주얼,티셔츠에 주목!,21.05.18,"4,161",4,옐로 컬러가 돋보이는 반팔 티셔츠와 데님 팬츠를 연출하고 볼캡으로 마무리한 캐주얼 룩,"#봄,#캐주얼,#리,#아카이브앱크,#라이프 아카이브,#리올그,#벤시몽,#데님 팬츠,#숄더백,#캡/야구 모자,#반소매 티셔츠,#샌들",https://image.msscdn.net/images/codimap/detail/3207/detail_3207_1_500.jpg?202401091201
105,로맨틱,상큼하게 화사하게,21.08.18,"1,838",4,그래픽 프린팅이 돋보이는 원피스에 숄더백을 더해 완성한 로맨틱 룩,"#그래픽,#화사한,#폭염,#빈티지,#여름,#로맨틱,#펄리모어,#세이모 온도,#트윗비피,#배디,#로이드,#팔찌,#숄더백,#슬리퍼,#미니 원피스,#귀걸이",https://image.msscdn.net/images/codimap/detail/5679/detail_5679_1_500.jpg?202401091201
106,캐주얼,블랙으로 완성,21.05.17,"3,660",4,로고 디테일이 돋보이는 스웨트셔츠에 숏 팬츠를 매치한 이지 캐주얼 룩,"#봄,#캐주얼,#아임낫어휴먼비잉,#컨버스,#에이소프,#뉴발란스,#양말,#백팩,#맨투맨/스웨트셔츠,#숏 팬츠",https://image.msscdn.net/images/codimap/detail/3179/detail_3179_1_500.jpg?202401091201
107,캐주얼,추천 캠퍼스 코디,22.08.25,"15,271",4,로고 포인트의 스웨트셔츠와 데님 팬츠를 스타일링하고 스니커즈로 연출한 캐주얼 룩,"#로고플레이,#자수,#캠퍼스,#꾸안꾸,#여름,#캐주얼,#네이키드니스,#반스,#사운즈라이프,#신지모루,#예일,#백팩,#캔버스/단화,#데님 팬츠,#시계 용품,#맨투맨/스웨트셔츠",https://image.msscdn.net/images/codimap/detail/18371/detail_18371_1_500.jpg?202401091201
108,캐주얼,봄 추천 룩!,21.03.04,"19,941",4,아이보리 컬러가 돋보이는 카디건과 데님 스커트를 매치하고 컨버스 소재의 스니커즈로 마무리한 캐주얼 룩,"#봄,#캐주얼,#컨버스,#리,#백투베이직스,#후아유,#밀리언코르,#캔버스/단화,#긴소매 티셔츠,#메신저/크로스 백,#크로스백",https://image.msscdn.net/images/codimap/detail/2112/detail_2112_1_500.jpg?202401091201
109,아메카지,비니 스타일링,21.07.22,"5,584",4,화이트 컬러 반팔 티셔츠와 벌룬 팬츠를 매치하고 비니로 마무리한 아메리칸 캐주얼 룩,"#아메카지,#와이드핏,#벌룬핏,#컬러블록,#여름,#아메리칸 캐주얼,#칼하트,#왈라루,#라모랭,#제멋,#반소매 티셔츠,#에코백,#비니,#코튼 팬츠",https://image.msscdn.net/images/codimap/detail/4739/detail_4739_1_500.jpg?202401091201
110,스트릿,조거 팬츠가 대세,20.10.29,"28,520",4,캐주얼 무드의 니트와 조거 팬츠를 매치하고 하이탑 스니커즈로 마무리한 스트릿 룩,"#가을,#스트릿,#제로,#쇼브오프,#라퍼지스토어,#크리틱,#트레이닝/조거 팬츠,#액자/포스터,#팔찌,#메신저/크로스 백,#니트/스웨터",https://image.msscdn.net/images/codimap/detail/326/detail_326_1_500.jpg?202401091201
111,캐주얼,백팩이 포인트!,21.07.28,"4,576",4,아가일 패턴이 돋보이는 베스트에 데님 팬츠를 코디하고 백팩으로 포인트를 준 캐주얼 룩,"#아가일,#와이드핏,#그래픽,#캠퍼스,#화사한,#여름,#캐주얼,#반스,#오에스티,#트립션,#로에일,#척,#1993스튜디오,#캔버스/단화,#쿼츠 아날로그,#반려동물용품,#셔츠/블라우스,#반소매 티셔츠,#데님 팬츠,#베스트,#백팩",https://image.msscdn.net/images/codimap/detail/4927/detail_4927_1_500.jpg?202401091201
112,캐주얼,프린팅 포인트,21.05.14,"4,378",4,오버 핏 반팔 티셔츠에 유니크한 프린팅의 데님 팬츠를 더해 완성한 캐주얼 룩,"#봄,#캐주얼,#비바스튜디오,#몬스터리퍼블릭,#목걸이/펜던트,#백팩",https://image.msscdn.net/images/codimap/detail/3169/detail_3169_1_500.jpg?202401091201
113,캐주얼,어울리는 조합,21.07.02,"2,074",4,그래픽 티셔츠에 숏 팬츠와 스니커즈를 더해 완성한 캐주얼 룩,"#레터링,#그래픽,#캠퍼스,#여름,#캐주얼,#베이크솔,#커버낫,#리복,#누깍,#캔버스/단화,#버킷/사파리햇,#토트백",https://image.msscdn.net/images/codimap/detail/4027/detail_4027_1_500.jpg?202401091201
114,캐주얼,가볍게 입자,21.09.17,"10,172",4,프린팅이 돋보이는 스웨트셔츠와 트레이닝 팬츠를 코디하고 스타디움 재킷으로 마무리한 이지 캐주얼 룩,"#그래픽,#편안한,#원마일웨어,#에코,#가을,#캐주얼,#언폴드,#크럼프,#비바스튜디오,#어나더브릿지,#나이키,#에코백,#잡지/무크지,#트레이닝/조거 팬츠,#안경 소품,#맨투맨/스웨트셔츠,#안경,#패션스니커즈화",https://image.msscdn.net/images/codimap/detail/6865/detail_6865_1_500.jpg?202401091201
115,캐주얼,체크 아이템,21.05.24,"7,522",4,로고 프린팅이 돋보이는 반팔 티셔츠와 퍼티그 스커트를 코디하고 체크 패턴 호보 백으로 포인트를 준 캐주얼 룩,"#체크,#피크닉,#편안한,#봄,#캐주얼,#펀프롬펀,#치키타,#와릿이즌,#리,#컨버스,#숄더백,#기타 컬처,#롱스커트,#캡/야구 모자,#반소매 티셔츠",https://image.msscdn.net/images/codimap/detail/3259/detail_3259_1_500.jpg?202401091201
116,캐주얼,꾸안꾸 무드,21.12.16,"5,232",4,스트라이프 패턴이 돋보이는 스웨트셔츠와 트레이닝 팬츠를 매치하고 스니커즈로 마무리한 캐주얼 룩,"#스트라이프,#편안한,#꾸안꾸,#캠퍼스,#핀턱,#겨울,#캐주얼,#언더컨트롤,#제로,#테이크이지,#슈마커,#세븐피겨스,#뱅앤올룹슨,#비니,#트레이닝/조거 팬츠,#맨투맨/스웨트셔츠,#롱패딩/롱헤비 아우터,#헤드폰",https://image.msscdn.net/images/codimap/detail/10248/detail_10248_1_500.jpg?202401091201
117,캐주얼,서머 캐주얼,21.05.28,"3,852",4,오버 핏 반팔 셔츠와 숏 팬츠를 매치하고 틴트 선글라스로 포인트를 더한 캐주얼 룩,"#오버핏,#컬러포인트,#화사한,#봄,#캐주얼,#반스,#파르티멘토,#티미드프리크,#엠엘비,#아웃도어 프로덕츠,#캔버스/단화,#숏 팬츠,#선글라스,#액자/포스터,#버킷/사파리햇",https://image.msscdn.net/images/codimap/detail/3351/detail_3351_1_500.jpg?202401091201
118,캐주얼,여름 캐주얼 룩,21.05.28,"10,586",4,로고 프린팅 티셔츠와 데님 팬츠를 코디하고 플립플랍으로 마무리한 캐주얼 룩,"#찢청,#로고플레이,#봄,#캐주얼,#겐지,#문수권세컨,#피그앤헨,#에이카화이트,#뉴발란스,#선글라스,#데님 팬츠,#안경 소품,#팔찌,#반소매 티셔츠",https://image.msscdn.net/images/codimap/detail/3348/detail_3348_1_500.jpg?202401091201
119,걸리시,더플코트 코디,21.01.29,"1,902",4,카라 디테일이 돋보이는 더플코트와 스웨트셔츠를 매치하고 미니스커트로 완성한 걸리시 룩,"#겨울,#걸리시,#로맨틱크라운,#더 로켓,#더블유브이프로젝트,#조셉앤스테이시,#스파오,#닥터마틴,#양말,#미니스커트,#맨투맨/스웨트셔츠,#장갑,#겨울 기타 코트,#부츠,#기타 스니커즈",https://image.msscdn.net/images/codimap/detail/1654/detail_1654_1_500.jpg?202401091201
120,스트릿,조거 팬츠가 대세,20.10.29,"28,520",4,캐주얼 무드의 니트와 조거 팬츠를 매치하고 하이탑 스니커즈로 마무리한 스트릿 룩,"#가을,#스트릿,#제로,#쇼브오프,#라퍼지스토어,#크리틱,#트레이닝/조거 팬츠,#액자/포스터,#팔찌,#메신저/크로스 백,#니트/스웨터",https://image.msscdn.net/images/codimap/detail/326/detail_326_1_500.jpg?202401091201
121,걸리시,더플코트 코디,21.01.29,"1,902",4,카라 디테일이 돋보이는 더플코트와 스웨트셔츠를 매치하고 미니스커트로 완성한 걸리시 룩,"#겨울,#걸리시,#로맨틱크라운,#더 로켓,#더블유브이프로젝트,#조셉앤스테이시,#스파오,#닥터마틴,#양말,#미니스커트,#맨투맨/스웨트셔츠,#장갑,#겨울 기타 코트,#부츠,#기타 스니커즈",https://image.msscdn.net/images/codimap/detail/1654/detail_1654_1_500.jpg?202401091201
122,아메카지,벌룬 팬츠 활용법,21.06.15,"3,438",4,편하게 입기 좋은 반팔 셔츠와 벌룬 팬츠를 코디하고 슬리퍼로 마무리한 아메리칸 캐주얼 룩,"#아메카지,#벌룬핏,#오버핏,#꾸안꾸,#여름,#아메리칸 캐주얼,#오버다인,#한글안경,#더블유브이프로젝트,#버켄스탁,#에스피오나지,#메신저/크로스 백,#안경,#코튼 팬츠,#샌들,#셔츠/블라우스",https://image.msscdn.net/images/codimap/detail/3726/detail_3726_1_500.jpg?202401091201
123,캐주얼,지금 입기 좋아,22.04.14,"6,223",4,깔끔한 디자인의 반팔 티셔츠와 카고 팬츠를 코디하고 에코백으로 완성한 캐주얼 룩,"#캠퍼스,#와이드핏,#오버핏,#카고,#로고플레이,#봄,#캐주얼,#낫포너드,#파르티멘토,#리,#카시오,#커먼프로젝트,#트레이닝/조거 팬츠,#안경 소품,#셔츠/블라우스,#반소매 티셔츠,#에코백,#디지털",https://image.msscdn.net/images/codimap/detail/14701/detail_14701_1_500.jpg?202401091201
124,캐주얼,꾸안꾸의 정석,22.11.16,"2,066",4,체크 패턴이 돋보이는 조거 팬츠와 후드 티셔츠를 코디하고 플리스로 완성한 캐주얼 룩,"#겨울,#캐주얼,#로드,#에이치유엠,#엘리오티,#우알롱,#캘빈클라인 진,#코닥,#레터링,#편안한,#꾸안꾸,#체크,#플리스,#로고플레이,#셀럽템,#패션스니커즈화,#트레이닝/조거 팬츠,#캡/야구 모자,#후드 티셔츠,#메신저/크로스 백,#플리스/뽀글이",https://image.msscdn.net/images/codimap/detail/19796/detail_19796_1_500.jpg?202401091201
125,아메카지,캐주얼의 정석,21.07.02,"5,403",4,오버 핏 반팔 티셔츠와 벌룬 팬츠를 코디하고 토트백으로 완성한 아메리칸 캐주얼 룩,"#아메카지,#벌룬핏,#뉴트럴톤,#로고플레이,#오버핏,#꾸안꾸,#여름,#아메리칸 캐주얼,#제멋,#벤 데이비스,#그라미치,#커버낫,#뉴발란스,#코튼 팬츠,#안경 소품,#캡/야구 모자,#숄더백,#반소매 티셔츠,#샌들",https://image.msscdn.net/images/codimap/detail/4025/detail_4025_1_500.jpg?202401091201
126,캐주얼,어울리는 조합,21.07.02,"2,074",4,그래픽 티셔츠에 숏 팬츠와 스니커즈를 더해 완성한 캐주얼 룩,"#레터링,#그래픽,#캠퍼스,#여름,#캐주얼,#베이크솔,#커버낫,#리복,#누깍,#캔버스/단화,#버킷/사파리햇,#토트백",https://image.msscdn.net/images/codimap/detail/4027/detail_4027_1_500.jpg?202401091201
127,캐주얼,블랙으로 완성,21.05.17,"3,660",4,로고 디테일이 돋보이는 스웨트셔츠에 숏 팬츠를 매치한 이지 캐주얼 룩,"#봄,#캐주얼,#아임낫어휴먼비잉,#컨버스,#에이소프,#뉴발란스,#양말,#백팩,#맨투맨/스웨트셔츠,#숏 팬츠",https://image.msscdn.net/images/codimap/detail/3179/detail_3179_1_500.jpg?202401091201
128,캐주얼,추천 캠퍼스 코디,22.08.25,"15,271",4,로고 포인트의 스웨트셔츠와 데님 팬츠를 스타일링하고 스니커즈로 연출한 캐주얼 룩,"#로고플레이,#자수,#캠퍼스,#꾸안꾸,#여름,#캐주얼,#네이키드니스,#반스,#사운즈라이프,#신지모루,#예일,#백팩,#캔버스/단화,#데님 팬츠,#시계 용품,#맨투맨/스웨트셔츠",https://image.msscdn.net/images/codimap/detail/18371/detail_18371_1_500.jpg?202401091201
129,걸리시,패턴 활용법,21.03.22,"1,957",3,블랙 컬러 후드 티셔츠에 애니멀 패턴이 돋보이는 미니스커트와 폰 케이스로 완성한 걸리시 룩,"#봄,#걸리시,#스컬프터,#아파트먼트,#슈펜,#어피스오브케이크,#와릿이즌,#스칼렛또,#반소매 티셔츠,#후드 티셔츠,#부츠,#케이스/슬리브,#메신저/크로스 백,#팔찌",https://image.msscdn.net/images/codimap/detail/2357/detail_2357_1_500.jpg?202401091201
130,캐주얼,레이어드 연출법,21.07.01,"2,726",3,스트라이프 패턴이 돋보이는 베스트와 반팔 티셔츠를 레이어드하고 데님 팬츠를 더해 완성한 캐주얼 룩,"#스트라이프,#캠퍼스,#남친룩,#여름,#캐주얼,#반스,#로우로우,#비슬로우,#미니멀프로젝트,#제로,#캔버스/단화,#백팩,#기타 컬처,#데님 팬츠,#반소매 티셔츠,#베스트",https://image.msscdn.net/images/codimap/detail/3997/detail_3997_1_500.jpg?202401091201
131,캐주얼,옐로 컬러 포인트,21.03.18,"4,588",3,로고 프린팅이 돋보이는 스웨트셔츠와 스웨트 팬츠를 매치하고 옐로 컬러의 볼캡으로 포인트를 준 캐주얼 룩,"#봄,#캐주얼,#어나더브릿지,#엘라고,#5252 바이 오아이오아이,#시눈,#레이디 볼륨,#나이키,#선글라스,#케이스/슬리브,#캡/야구 모자,#트레이닝/조거 팬츠,#패션스니커즈화",https://image.msscdn.net/images/codimap/detail/2314/detail_2314_1_500.jpg?202401091201
132,캐주얼,눈에 띄는 디테일,20.11.05,"3,332",3,화사한 체크 셔츠와 레터링이 인상적인 니트를 레이어드한 후 그린 컬러의 스니커즈로 마무리한 이지 캐주얼 룩,"#가을,#캐주얼,#아조바이아조,#86로드,#커버낫,#메리제임스,#컨버스,#반소매 티셔츠,#니트/스웨터,#데님 팬츠,#안경,#셔츠/블라우스",https://image.msscdn.net/images/codimap/detail/442/detail_442_1_500.jpg?202401091201
133,스트릿,시크한 매력,21.02.26,"2,141",3,"패치워크가 돋보이는 티셔츠와 스타디움 재킷을 연출하고 비니, 스니커즈로 포인트를 준 스트릿 룩","#봄,#스트릿,#드네이지,#셉텐벌5,#플레어업,#트레이닝/조거 팬츠,#안경 소품,#액자/포스터,#목걸이/펜던트,#비니",https://image.msscdn.net/images/codimap/detail/2037/detail_2037_1_500.jpg?202401091201
134,캐주얼,블루 포인트,21.07.09,"7,484",3,오버 핏 티셔츠에 조거 팬츠를 매치하고 로고가 돋보이는 에코백으로 완성한 이지 캐주얼 룩,"#편안한,#원마일웨어,#오버핏,#로고플레이,#에코,#여름,#캐주얼,#제멋,#엠엘비,#마리떼,#제로,#컨버스,#셔츠/블라우스,#반소매 티셔츠,#캡/야구 모자,#에코백,#트레이닝/조거 팬츠",https://image.msscdn.net/images/codimap/detail/4289/detail_4289_1_500.jpg?202401091201
135,캐주얼,돋보이는 센스,21.07.12,"1,074",3,그래픽이 돋보이는 반팔 티셔츠에 데님 팬츠를 코디하고 크로스 백으로 마무리한 캐주얼 룩,"#그래픽,#와이드핏,#남친룩,#캠퍼스,#여름,#캐주얼,#핍스,#토마스모어,#컨버스,#본챔스,#지샥,#메신저/크로스 백,#기타 컬처,#데님 팬츠,#반소매 티셔츠,#디지털",https://image.msscdn.net/images/codimap/detail/4327/detail_4327_1_500.jpg?202401091201
136,캐주얼,톤온톤 좋아,21.03.09,"6,013",3,베이지 컬러의 트러커 재킷에 아이보리 진을 매치한 후 같은 톤의 볼캡으로 마무리한 캐주얼 룩,"#봄,#캐주얼,#무신사 스탠다드,#와르,#커스텀어클락,#마우,#마하그리드,#틀영,#반소매 티셔츠,#긴소매 티셔츠,#코튼 팬츠,#안경 소품,#카디건,#캔버스/단화,#캡/야구 모자",https://image.msscdn.net/images/codimap/detail/2161/detail_2161_1_500.jpg?202401091201
137,캐주얼,베스트 더하기,21.07.01,"3,813",3,반팔 티셔츠에 그린 컬러가 돋보이는 베스트를 더하고 데님 숏 팬츠로 완성한 캐주얼 룩,"#캠퍼스,#남친룩,#벌룬핏,#여름,#캐주얼,#컨버스,#레테르코모,#페넥,#사운즈라이프,#셔츠/블라우스,#백팩,#숏 팬츠,#베스트",https://image.msscdn.net/images/codimap/detail/3999/detail_3999_1_500.jpg?202401091201
138,캐주얼,추천 스타일링,21.07.02,"5,128",3,"프린팅이 돋보이는 반팔 티셔츠에 데님 팬츠, 스니커즈를 더해 연출한 캐주얼 룩","#캠퍼스,#꾸안꾸,#와이드핏,#그래픽,#남친룩,#여름,#캐주얼,#포콤마,#프로스펙스,#테이크이지,#예일,#엄브로,#목걸이/펜던트,#패션스니커즈화,#데님 팬츠,#반소매 티셔츠,#메신저/크로스 백",https://image.msscdn.net/images/codimap/detail/4036/detail_4036_1_500.jpg?202401091201
139,캐주얼,가볍게 즐겨,21.07.02,"2,799",3,컬러 블록이 돋보이는 티셔츠와 스웨트 팬츠를 매치하고 스니커즈로 편안함을 더한 이지 캐주얼 룩,"#모노톤,#톤온톤,#컬러블록,#편안한,#원마일웨어,#여름,#캐주얼,#플레이언,#제로,#아디다스,#리,#헤드폰,#웨이스트 백,#트레이닝/조거 팬츠,#패션스니커즈화,#반소매 티셔츠",https://image.msscdn.net/images/codimap/detail/4039/detail_4039_1_500.jpg?202401091201
140,캐주얼,체크체크해!,21.02.19,"4,973",3,"체크 패턴이 돋보이는 스웨트셔츠와 더플코트, 플리츠스커트를 매치하고 버킷햇으로 완성한 캐주얼 룩","#봄,#캐주얼,#슬리피슬립,#오찌,#치키타,#우주스튜디오,#우아,#질바이질스튜어트,#버킷/사파리햇,#기타 스니커즈,#롱스커트,#맨투맨/스웨트셔츠,#양말",https://image.msscdn.net/images/codimap/detail/1946/detail_1946_1_500.jpg?202401091201
141,캐주얼,감각적 코디,21.07.02,"4,771",3,로고 프린팅 티셔츠와 데님 팬츠를 코디하고 그래픽이 돋보이는 토트백으로 포인트를 준 캐주얼 룩,"#그래픽,#로고플레이,#남친룩,#오버핏,#워싱,#여름,#캐주얼,#블레스드 뷸렛,#어널러코드,#엘엠씨,#얼킨,#목걸이/펜던트,#반소매 티셔츠,#토트백",https://image.msscdn.net/images/codimap/detail/4026/detail_4026_1_500.jpg?202401091201
142,댄디,올 블랙 멋,21.08.04,"1,639",3,펀칭 디테일이 돋보이는 니트에 숏 팬츠를 코디하고 블로퍼로 멋을 더한 댄디 룩,"#레더,#올블랙,#미니멀,#펀칭,#여름,#댄디,#마이애미프로젝트,#메종미네드,#리에티,#인템포무드,#코닥,#블로퍼,#니트/스웨터,#선글라스,#데님 팬츠,#메신저/크로스 백",https://image.msscdn.net/images/codimap/detail/5190/detail_5190_1_500.jpg?202401091201
143,댄디,화사한 코디,21.07.15,"2,520",3,화사한 스트라이프 셔츠에 린넨 슬랙스를 매치하고 토트백으로 마무리한 댄디 룩,"#루즈핏,#데이트,#린넨,#와이드핏,#화사한,#여름,#댄디,#내셔널 퍼블리시티,#커스텀에이드,#다이아몬드 레이라,#애습,#토트백,#캔버스/단화,#안경,#셔츠/블라우스,#슈트 팬츠/슬랙스",https://image.msscdn.net/images/codimap/detail/4500/detail_4500_1_500.jpg?202401091201
144,캐주얼,봄 소풍 가는 날,21.03.17,"3,625",3,귀여운 플라워 패턴이 돋보이는 베스트에 데님 재킷을 매치하고 스니커즈를 더해 완성한 캐주얼 룩,"#봄,#캐주얼,#리복,#로얄라이프,#키르시,#스파오,#로씨로씨,#타게토,#펀프롬펀,#패션스니커즈화,#셔츠/블라우스,#반소매 티셔츠,#양말,#베스트,#롱스커트,#메신저/크로스 백,#크로스백",https://image.msscdn.net/images/codimap/detail/2291/detail_2291_1_500.jpg?202401091201
145,아메카지,벌룬 팬츠로 완성,21.08.05,"2,017",3,벌룬 핏 코튼 팬츠에 반팔 티셔츠를 스타일링한 후 슬리퍼로 완성한 아메리칸 캐주얼 룩,"#뉴트럴톤,#벌룬핏,#꾸안꾸,#아메카지,#여름,#아메리칸 캐주얼,#버켄스탁,#와일드 브릭스,#벤 데이비스,#유니폼브릿지,#사운즈라이프,#슬리퍼,#숄더백,#잡지/무크지,#셔츠/블라우스,#반소매 티셔츠,#버킷/사파리햇,#코튼 팬츠",https://image.msscdn.net/images/codimap/detail/5239/detail_5239_1_500.jpg?202401091201
146,비즈니스캐주얼,트렌디한 느낌,21.07.02,"3,440",3,그린 컬러 니트에 슬랙스를 매치하고 브리프케이스로 마무리한 포멀 룩,"#톤온톤,#단정한,#출근룩,#뉴트럴톤,#미니멀,#여름,#포멀,#로렌스폴,#쌤소나이트 레드,#라이크썸모어,#어반드레스,#브아빗,#안경,#브리프케이스,#구두,#니트/스웨터,#슈트 팬츠/슬랙스,#비즈니스캐주얼",https://image.msscdn.net/images/codimap/detail/4038/detail_4038_1_500.jpg?202401091201
147,로맨틱,화사한 데이트 룩,21.06.15,"1,946",3,크롭 슬리브리스에 밴딩 스커트를 코디하고 옐로 컬러 숄더백으로 완성한 로맨틱 룩,"#크롭,#파스텔,#화사한,#데이트,#우아한,#여름,#로맨틱,#메이엘듀,#오디너리홀리데이,#코이무이,#듀이데저트,#블로퍼,#미디스커트,#니트/스웨터,#숄더백,#귀걸이",https://image.msscdn.net/images/codimap/detail/3737/detail_3737_1_500.jpg?202401091201
148,캐주얼,끌리는 뒤태,21.07.01,"1,317",3,뒷면 그래픽 프린팅이 돋보이는 티셔츠와 데님 팬츠를 매치하고 백팩으로 마무리한 캐주얼 룩,"#그래픽,#와이드핏,#로고플레이,#캠퍼스,#남친룩,#꾸안꾸,#여름,#캐주얼,#커버낫,#에가든,#노드 아카이브,#후딩스,#백팩,#시계 용품,#데님 팬츠",https://image.msscdn.net/images/codimap/detail/3992/detail_3992_1_500.jpg?202401091201
149,걸리시,심쿵 포인트,21.06.16,"2,413",3,체크 크롭 티셔츠와 미니스커트로 완성한 걸리시 룩,"#체크,#짧치,#하이틴룩,#크롭,#여름,#걸리시,#리플라,#5252 바이 오아이오아이,#애노드레브,#루이본,#네스티팬시클럽,#구두,#미니스커트,#메신저/크로스 백,#크로스백,#헤어 액세서리",https://image.msscdn.net/images/codimap/detail/3754/detail_3754_1_500.jpg?202401091201
150,캐주얼,여름 셔츠 코디,21.06.22,"4,484",3,오버 핏 셔츠와 숏 팬츠를 매치하고 크로스 백으로 마무리한 캐주얼 룩,"#오버핏,#와이드핏,#뉴트럴톤,#피크닉,#여름,#캐주얼,#라츠,#커버낫,#다이아몬드 레이라,#코닥,#숏 팬츠,#시계 용품,#셔츠/블라우스,#메신저/크로스 백",https://image.msscdn.net/images/codimap/detail/3829/detail_3829_1_500.jpg?202401091201
151,캐주얼,편하게 꾸며,21.06.28,"4,245",3,프린팅 티셔츠와 데님 팬츠를 매치하고 메신저 백으로 포인트를 준 캐주얼 룩,"#캐릭터,#그래픽,#와이드핏,#꾸안꾸,#캠퍼스,#여름,#캐주얼,#모 스포츠,#피지컬 에듀케이션 디파트먼트,#마하그리드,#토피,#누깍,#슬리퍼,#반소매 티셔츠,#캡/야구 모자,#데님 팬츠,#메신저/크로스 백",https://image.msscdn.net/images/codimap/detail/3939/detail_3939_1_500.jpg?202401091201
152,캐주얼,미니멀한 조합,21.06.25,"3,021",3,반팔 티셔츠에 베스트를 레이어드하고 블랙 컬러 숏 팬츠와 타비 스니커즈로 연출한 미니멀 캐주얼 룩,"#미니멀,#모노톤,#남친룩,#레이어드룩,#여름,#캐주얼,#메종 마르지엘라,#아페쎄,#쿠어,#파우치 백,#베스트,#버킷/사파리햇",https://image.msscdn.net/images/codimap/detail/3901/detail_3901_1_500.jpg?202401091201
153,비즈니스캐주얼,모노 톤 활용법,21.02.18,837,3,심플한 니트와 셔츠를 레이어드하고 와이드 핏 슬랙스와 숄더백으로 완성한 포멀 룩,"#봄,#포멀,#로에일,#루에브르,#랩,#링키래버토리,#노이아고,#마뗑킴,#반소매 티셔츠,#셔츠/블라우스,#숄더백,#귀걸이,#슈트 팬츠/슬랙스,#부츠,#비즈니스캐주얼",https://image.msscdn.net/images/codimap/detail/1895/detail_1895_1_500.jpg?202401091201
154,걸리시,귀여운 스타일,21.07.14,"2,673",3,리본 디테일이 돋보이는 원피스에 체크 패턴 메리제인 슈즈를 매치한 걸리시 룩,"#슬림핏,#체크,#하이틴룩,#여름,#걸리시,#무신사 스탠다드,#디어페기,#빅토리아 슈즈,#제이에스티나,#하트클럽,#양말,#반지,#메신저/크로스 백,#크로스백,#힐/펌프스,#헤어 액세서리,#미니 원피스",https://image.msscdn.net/images/codimap/detail/4420/detail_4420_1_500.jpg?202401091201
155,로맨틱,옐로 활용법,21.03.17,690,3,리본 디테일이 돋보이는 원피스에 카디건을 매치하고 옐로 컬러 레더 아이템으로 포인트를 더한 로맨틱 룩,"#봄,#로맨틱,#마뗑킴,#포스트루드,#닉앤니콜,#이스트인디고,#메신저/크로스 백,#부츠,#목걸이/펜던트,#긴소매 티셔츠,#맥시 원피스",https://image.msscdn.net/images/codimap/detail/2293/detail_2293_1_500.jpg?202401091201
156,댄디,돋보이는 그래픽,21.02.26,"5,516",3,귀여운 그래픽이 돋보이는 니트에 헌팅 재킷을 연출하고 로퍼로 마무리한 댄디 룩,"#봄,#댄디,#쟈니웨스트,#비브이에이치,#어낫띵,#에스피오나지,#메리제임스,#닥터마틴,#반소매 티셔츠,#셔츠/블라우스,#안경,#트레이닝/조거 팬츠,#사파리/헌팅 재킷,#니트/스웨터,#구두",https://image.msscdn.net/images/codimap/detail/2042/detail_2042_1_500.jpg?202401091201
157,캐주얼,디테일 가득!,21.07.02,"4,701",3,그래픽 디테일이 돋보이는 티셔츠에 데님 팬츠를 코디하고 스니커즈로 완성한 캐주얼 룩,"#톤온톤,#그래픽,#모노톤,#컬러블록,#캠퍼스,#미세먼지,#와이드핏,#여름,#캐주얼,#반스,#트래블,#팝미,#로아드로아,#미니멀프로젝트,#캔버스/단화,#반소매 티셔츠,#마스크,#메신저/크로스 백,#데님 팬츠",https://image.msscdn.net/images/codimap/detail/4037/detail_4037_1_500.jpg?202401091201
158,아메카지,멋진 아메카지 룩,21.07.16,"5,898",3,자수가 포인트인 베스트에 벌룬 팬츠를 매치하고 메신저 백으로 멋을 더한 아메리칸 캐주얼 룩,"#아메카지,#벌룬핏,#뉴트럴톤,#여름,#아메리칸 캐주얼,#모노노,#리끌로우,#사운즈라이프,#퍼스텝,#비욘드클로젯,#메신저/크로스 백,#안경,#코튼 팬츠,#셔츠/블라우스,#베스트",https://image.msscdn.net/images/codimap/detail/4552/detail_4552_1_500.jpg?202401091201
159,캐주얼,편안한 하루,21.03.02,"20,495",3,퍼플 컬러의 후드 티셔츠에 조거 팬츠를 더한 후 귀여운 볼캡으로 완성한 이지 캐주얼 룩,"#봄,#캐주얼,#제멋,#화이트블럭,#엠엠엘지,#어널러코드,#뉴발란스,#예일,#블루종/MA-1,#케이스/슬리브,#반소매 티셔츠,#트레이닝/조거 팬츠,#캡/야구 모자",https://image.msscdn.net/images/codimap/detail/2059/detail_2059_1_500.jpg?202401091201
160,캐주얼,상큼한 조합,21.07.09,"4,529",3,로고 디테일이 돋보이는 반팔 티셔츠에 데님 스커트를 더하고 체크 패턴 스니커즈로 완성한 캐주얼 룩,"#체크,#로고플레이,#캠퍼스,#꾸안꾸,#화사한,#오버핏,#여름,#캐주얼,#아카이브앱크,#반스,#펄리모어,#키르시,#어커버,#숄더백,#캔버스/단화,#팔찌,#롱스커트",https://image.msscdn.net/images/codimap/detail/4307/detail_4307_1_500.jpg?202401091201
161,로맨틱,데이트 가는 날,20.11.04,908,3,플로럴 패턴이 돋보이는 원피스와 트렌치코트를 연출하고 부츠로 마무리한 로맨틱 룩,"#가을,#로맨틱,#모노슬롯,#에트몽,#빈폴 액세서리,#렉켄,#아르댓,#목걸이/펜던트,#맥시 원피스,#장갑,#부츠",https://image.msscdn.net/images/codimap/detail/439/detail_439_1_500.jpg?202401091201
162,로맨틱,분위기 있어 보여!,21.07.12,"1,875",3,셔링 디테일이 돋보이는 블라우스에 롱스커트를 매치하고 샌들로 마무리한 로맨틱 룩,"#데이트,#셔링,#화사한,#여름,#로맨틱,#세스띠,#제이에스티나,#무신사 스탠다드,#오에스티,#샌들,#토트백,#피케/카라 티셔츠,#셔츠/블라우스,#롱스커트,#목걸이/펜던트",https://image.msscdn.net/images/codimap/detail/4344/detail_4344_1_500.jpg?202401091201
163,스포티,핑크로 발랄하게,21.07.28,"2,640",3,체크 패턴이 돋보이는 수영복에 플립플랍을 더해 완성한 스포츠 룩,"#체크,#수영,#화사한,#파스텔,#폭염,#여름,#스포츠,#골스튜디오,#펄리모어,#노피셜노피스,#오아이오아이,#펀프롬펀,#팔찌,#버킷/사파리햇,#메신저/크로스 백,#크로스백,#스포티",https://image.msscdn.net/images/codimap/detail/4914/detail_4914_1_500.jpg?202401091201
164,캐주얼,봄 나들이 룩,21.03.22,"6,060",3,스트라이프 패턴 카디건에 데님 팬츠를 더하고 볼캡과 스니커즈로 활동성을 더한 캐주얼 룩,"#봄,#캐주얼,#밀리언코르,#키르시,#아디다스,#피버미닛,#레이디 볼륨,#데님 팬츠,#안경,#액자/포스터,#숄더백,#패션스니커즈화,#캡/야구 모자,#카디건,#블루종/MA-1",https://image.msscdn.net/images/codimap/detail/2358/detail_2358_1_500.jpg?202401091201
165,스트릿,확실한 포인트,21.03.23,"1,780",3,유니크한 디자인의 카디건과 와이드 팬츠로 연출한 스트릿 룩,"#봄,#스트릿,#5252 바이 오아이오아이,#오찌,#에잇세컨즈,#네스티팬시클럽,#메신저/크로스 백,#기타 컬처,#기타 신발,#버킷/사파리햇,#카디건,#코튼 팬츠",https://image.msscdn.net/images/codimap/detail/2373/detail_2373_1_500.jpg?202401091201
166,로맨틱,단아한 무드,21.03.17,"1,474",3,모노 톤 레더 재킷에 브이넥 카디건과 스커트를 더하고 숄더백과 플랫 슈즈로 완성한 로맨틱 룩,"#봄,#로맨틱,#언에디트,#아워덴티티,#플라스크,#닉앤니콜,#세컨데일리,#귀걸이,#미디스커트,#숄더백,#레더/라이더스 재킷,#카디건",https://image.msscdn.net/images/codimap/detail/2298/detail_2298_1_500.jpg?202401091201
167,캐주얼,빈티지 무드,20.11.02,"6,932",3,올리브 컬러의 숏 패딩에 밝은 스웨트셔츠를 매치하고 스웨이드 첼시 부츠로 완성한 캐주얼 룩,"#가을,#캐주얼,#피렌체 아뜨리에,#커버낫,#티메이커,#케이엔드,#부츠",https://image.msscdn.net/images/codimap/detail/380/detail_380_1_500.jpg?202401091201
168,걸리시,산뜻한 조합,21.06.25,"2,404",3,그린 컬러의 원피스에 니트 버킷햇과 메리제인 슈즈를 더해 완성한 걸리시 룩,"#화사한,#피크닉,#체크,#뉴트럴톤,#여름,#걸리시,#무신사 스탠다드,#다이애그널,#아카이브앱크,#시티브리즈,#빅토리아 슈즈,#양말,#목걸이/펜던트,#버킷/사파리햇,#숄더백,#미니 원피스,#힐/펌프스",https://image.msscdn.net/images/codimap/detail/3914/detail_3914_1_500.jpg?202401091201
169,댄디,멋짐의 비결,21.07.01,"1,561",3,미니멀 무드의 반팔 티셔츠와 슬랙스를 코디하고 백팩을 더해 완성한 댄디 룩,"#모노톤,#미니멀,#레더,#톤온톤,#여름,#댄디,#데몬에이드,#인사일런스,#알레타 샌들,#코드,#빈트릴,#백팩,#반소매 티셔츠,#샌들,#슈트 팬츠/슬랙스,#선글라스",https://image.msscdn.net/images/codimap/detail/3991/detail_3991_1_500.jpg?202401091201
170,걸리시,프레피 룩의 정석,20.11.02,"3,426",3,간결한 실루엣이 돋보이는 블레이저와 미니스커트를 매치하고 아가일 패턴의 베스트로 포인트를 더한 걸리시 룩,"#가을,#걸리시,#무신사 스탠다드,#닥터마틴,#엔오르,#하이스쿨디스코,#로에일,#양말,#목걸이/펜던트,#구두,#미니스커트,#셔츠/블라우스",https://image.msscdn.net/images/codimap/detail/392/detail_392_1_500.jpg?202401091201
171,캐주얼,캠퍼스 룩 추천,21.06.24,"2,036",3,그래픽이 돋보이는 티셔츠에 데님 팬츠를 매치하고 옐로 컬러 스니커즈로 포인트를 더한 캐주얼 룩,"#오버핏,#캠퍼스,#컬러포인트,#그래픽,#남친룩,#여름,#캐주얼,#커버낫,#유니폼브릿지,#리끌로우,#캐치볼,#엘엠씨,#백팩,#숏 팬츠,#선글라스,#안경,#캔버스/단화,#반소매 티셔츠",https://image.msscdn.net/images/codimap/detail/3887/detail_3887_1_500.jpg?202401091201
172,캐주얼,원 마일 웨어,21.02.24,"2,670",3,편하게 입기 좋은 스웨트셔츠에 체크 팬츠와 스니커즈를 코디하고 크로스 백으로 마무리한 이지 캐주얼 룩,"#봄,#캐주얼,#와이엠씨엘케이와이,#반스,#와릿이즌,#블루엘리펀트,#커버낫,#메신저/크로스 백,#기타 컬처,#캔버스/단화,#안경,#맨투맨/스웨트셔츠",https://image.msscdn.net/images/codimap/detail/1991/detail_1991_1_500.jpg?202401091201
173,캐주얼,깜찍한 포인트,21.07.13,"2,355",3,프린팅이 돋보이는 반팔 티셔츠와 데님 숏 팬츠를 매치하고 에코백으로 완성한 캐주얼 룩,"#그래픽,#캠퍼스,#에코,#로고플레이,#키높이,#캐릭터,#여름,#캐주얼,#컨버스,#이벳필드,#어피스오브케이크,#예일,#유니폼브릿지,#캔버스/단화,#양말,#에코백,#반소매 티셔츠,#숏 팬츠",https://image.msscdn.net/images/codimap/detail/4380/detail_4380_1_500.jpg?202401091201
174,댄디,톤온톤의 멋,21.07.05,"1,223",3,스트라이프 패턴이 매력적인 니트와 하프 팬츠를 매치하고 크로스 백으로 완성한 댄디 룩,"#톤온톤,#스트라이프,#데이트,#레더,#여름,#댄디,#콘스페로,#닥터마틴,#토마스모어,#미나브,#로파이,#메신저/크로스 백,#슬리퍼,#벨트,#피케/카라 티셔츠,#숏 팬츠",https://image.msscdn.net/images/codimap/detail/4088/detail_4088_2_500.jpg?202401091201
175,걸리시,프레피 무드,20.11.09,"1,090",3,선명한 블루 컬러가 돋보이는 니트와 체크 스커트를 매치하고 스니커즈로 마무리한 걸리시 룩,"#가을,#걸리시,#본챔스,#라코스테,#언에디트,#배디,#휠라,#미쏘,#미니스커트,#양말,#기타 아우터,#숄더백,#패션스니커즈화,#니트/스웨터",https://image.msscdn.net/images/codimap/detail/500/detail_500_1_500.jpg?202401091201
176,캐주얼,데이트 가자,20.11.09,"5,572",3,"심플한 디자인의 코트와 니트, 데님 팬츠를 매치하고 뉴스보이캡으로 포인트를 준 캐주얼 룩","#데이트,#가을,#캐주얼,#유니버셜 케미스트리,#클레망,#파르티멘토,#유니폼브릿지,#로파이,#노스페이스,#헌팅캡/베레모,#구두,#로퍼,#반소매 티셔츠,#맨투맨/스웨트셔츠,#겨울 싱글 코트,#양말",https://image.msscdn.net/images/codimap/detail/487/detail_487_1_500.jpg?202401091201
177,골프,우아한 필드 룩,21.03.22,863,3,모노 톤의 긴팔 티셔츠와 미니스커트를 매치하고 스카프로 마무리한 골프 룩,"#봄,#골프,#빈폴 레이디스,#던스트 포 우먼,#르꼬끄,#빈폴골프,#벨베데레,#캡/야구 모자,#스카프/반다나,#긴소매 티셔츠,#보스턴/드럼/더플백",https://image.msscdn.net/images/codimap/detail/2351/detail_2351_1_500.jpg?202401091201
178,스트릿,힙한 매력,20.11.09,"5,216",3,터틀넥 티셔츠와 패턴 베스트를 레이어드하고 컬러 볼캡과 어글리 슈즈로 포인트를 준 스트릿 룩,"#가을,#스트릿,#유니어패럴,#큐리티,#나이키,#블러1.0,#아코스튜디오스페이스,#반소매 티셔츠,#맨투맨/스웨트셔츠,#샌들,#트레이닝/조거 팬츠,#안경 소품,#패션스니커즈화,#캡/야구 모자,#베스트,#귀걸이",https://image.msscdn.net/images/codimap/detail/496/detail_496_1_500.jpg?202401091201
179,캐주얼,원 마일 웨어,21.06.16,"3,147",3,편하게 입기 좋은 반팔 티셔츠에 스웨트 팬츠를 매치하고 크로스 백과 슬리퍼로 마무리한 이지 캐주얼 룩,"#로고플레이,#편안한,#원마일웨어,#모노톤,#와이드핏,#여름,#캐주얼,#크럼프,#커버낫,#와릿이즌,#아이홉소,#게스,#트레이닝/조거 팬츠,#안경 소품,#슬리퍼,#메신저/크로스 백,#캡/야구 모자",https://image.msscdn.net/images/codimap/detail/3746/detail_3746_1_500.jpg?202401091201
180,캐주얼,비비드 포인트!,21.08.19,545,3,비비드한 컬러감이 돋보이는 니트에 데님 팬츠를 매치하고 스니커즈로 마무리한 캐주얼 룩,"#럭셔리,#컬러포인트,#슬릿,#비비드,#로고플레이,#와이드핏,#여름,#캐주얼,#앤더슨벨 포 우먼,#발렌시아가,#생로랑,#숄더백,#캔버스/단화",https://image.msscdn.net/images/codimap/detail/5714/detail_5714_1_500.jpg?202401091201
181,캐주얼,그린 컬러 포인트,20.10.30,"3,194",3,"네이비 컬러 코트에 카디건을 스타일링하고 데님 팬츠, 스니커즈로 완성한 캐주얼 룩","#가을,#캐주얼,#조셉앤스테이시,#엠엘비,#블러1.0,#컨버스,#오아이오아이,#에코백,#기타 컬처,#캡/야구 모자,#디지털,#캔버스/단화,#데님 팬츠,#카디건",https://image.msscdn.net/images/codimap/detail/365/detail_365_1_500.jpg?202401091201
182,걸리시,프레피 무드,20.11.09,"1,090",3,선명한 블루 컬러가 돋보이는 니트와 체크 스커트를 매치하고 스니커즈로 마무리한 걸리시 룩,"#가을,#걸리시,#본챔스,#라코스테,#언에디트,#배디,#휠라,#미쏘,#미니스커트,#양말,#기타 아우터,#숄더백,#패션스니커즈화,#니트/스웨터",https://image.msscdn.net/images/codimap/detail/500/detail_500_1_500.jpg?202401091201
183,캐주얼,귀여운 포인트,21.08.18,"1,619",3,반팔 티셔츠와 오버롤 원피스를 레이어드하고 스니커즈로 마무리한 캐주얼 룩,"#귀여운,#캠퍼스,#여친룩,#여름,#캐주얼,#조셉앤스테이시,#논논,#타게토,#컨버스,#유니버셜 오버롤,#와릿이즌,#토트백,#잡지/무크지,#목걸이/펜던트,#헌팅캡/베레모,#맥시 원피스",https://image.msscdn.net/images/codimap/detail/5677/detail_5677_1_500.jpg?202401091201
184,로맨틱,단아한 무드,21.03.17,"1,474",3,모노 톤 레더 재킷에 브이넥 카디건과 스커트를 더하고 숄더백과 플랫 슈즈로 완성한 로맨틱 룩,"#봄,#로맨틱,#언에디트,#아워덴티티,#플라스크,#닉앤니콜,#세컨데일리,#귀걸이,#미디스커트,#숄더백,#레더/라이더스 재킷,#카디건",https://image.msscdn.net/images/codimap/detail/2298/detail_2298_1_500.jpg?202401091201
185,골프,귀여운 필드 룩,21.04.06,"1,063",3,스카이블루 컬러가 돋보이는 후드 티셔츠에 플리츠스커트를 매치하고 스니커즈로 마무리한 골프 룩,"#봄,#골프,#더 스튜디오 케이,#라코스테,#배럴,#허스키,#미니스커트,#미디스커트,#양말,#미디 원피스,#골프가방",https://image.msscdn.net/images/codimap/detail/2588/detail_2588_1_500.jpg?202401091201
186,댄디,올 블랙 멋,21.08.04,"1,639",3,펀칭 디테일이 돋보이는 니트에 숏 팬츠를 코디하고 블로퍼로 멋을 더한 댄디 룩,"#레더,#올블랙,#미니멀,#펀칭,#여름,#댄디,#마이애미프로젝트,#메종미네드,#리에티,#인템포무드,#코닥,#블로퍼,#니트/스웨터,#선글라스,#데님 팬츠,#메신저/크로스 백",https://image.msscdn.net/images/codimap/detail/5190/detail_5190_1_500.jpg?202401091201
187,걸리시,카라 원피스 연출법,21.08.18,"2,618",3,레오퍼드 디테일이 매력적인 카라 원피스에 헤어밴드와 숄더백을 더해 연출한 걸리시 룩,"#레오퍼드,#슬림핏,#모노톤,#여친룩,#여름,#걸리시,#러쉬오프,#닥터마틴,#브이브이브이,#제로플래닛,#코이무이,#목걸이/펜던트,#블로퍼,#부츠,#캔버스/단화,#헤어 액세서리,#미니 원피스,#숄더백",https://image.msscdn.net/images/codimap/detail/5678/detail_5678_1_500.jpg?202401091201
188,캐주얼,옐로 컬러 포인트,21.03.18,"4,589",3,로고 프린팅이 돋보이는 스웨트셔츠와 스웨트 팬츠를 매치하고 옐로 컬러의 볼캡으로 포인트를 준 캐주얼 룩,"#봄,#캐주얼,#어나더브릿지,#엘라고,#5252 바이 오아이오아이,#시눈,#레이디 볼륨,#나이키,#선글라스,#케이스/슬리브,#캡/야구 모자,#트레이닝/조거 팬츠,#패션스니커즈화",https://image.msscdn.net/images/codimap/detail/2314/detail_2314_1_500.jpg?202401091201
189,골프,우아한 필드 룩,21.03.22,863,3,모노 톤의 긴팔 티셔츠와 미니스커트를 매치하고 스카프로 마무리한 골프 룩,"#봄,#골프,#빈폴 레이디스,#던스트 포 우먼,#르꼬끄,#빈폴골프,#벨베데레,#캡/야구 모자,#스카프/반다나,#긴소매 티셔츠,#보스턴/드럼/더플백",https://image.msscdn.net/images/codimap/detail/2351/detail_2351_1_500.jpg?202401091201
190,캐주얼,편안함이 두 배!,21.03.29,"21,117",3,편하게 입기 좋은 후드 집업과 스웨트 팬츠로 완성한 이지 캐주얼 룩,"#봄,#캐주얼,#본챔스,#제로,#와릿이즌,#나이키,#레인스,#캡/야구 모자,#트레이닝/조거 팬츠,#안경 소품,#반소매 티셔츠,#긴소매 티셔츠,#후드 집업,#패션스니커즈화,#메신저/크로스 백",https://image.msscdn.net/images/codimap/detail/2442/detail_2442_1_500.jpg?202401091201
191,비즈니스캐주얼,세련된 포멀 룩,21.08.23,"3,062",3,심플한 실루엣의 블레이저에 슬랙스를 매치하고 로퍼로 멋을 더한 포멀 룩,"#레더,#미니멀,#출근룩,#데이트,#여름,#포멀,#랩12,#크로노스,#미스티카,#낫앤낫,#코앤크릿,#탄틴,#셔츠/블라우스,#피케/카라 티셔츠,#안경 소품,#쿼츠 아날로그,#반려동물용품,#벨트,#슈트/블레이저 재킷,#구두,#로퍼,#브리프케이스,#비즈니스캐주얼",https://image.msscdn.net/images/codimap/detail/5855/detail_5855_1_500.jpg?202401091201
192,스트릿,확실한 포인트,21.03.23,"1,780",3,유니크한 디자인의 카디건과 와이드 팬츠로 연출한 스트릿 룩,"#봄,#스트릿,#5252 바이 오아이오아이,#오찌,#에잇세컨즈,#네스티팬시클럽,#메신저/크로스 백,#기타 컬처,#기타 신발,#버킷/사파리햇,#카디건,#코튼 팬츠",https://image.msscdn.net/images/codimap/detail/2373/detail_2373_1_500.jpg?202401091201
193,걸리시,상큼한 스타일링,21.04.06,"2,383",3,유니크한 패턴이 돋보이는 볼레로에 데님 원피스를 더하고 타이다이 부츠로 연출한 걸리시 룩,"#봄,#걸리시,#러닝하이,#네스티팬시클럽,#닥터마틴,#스컬프터,#배디,#미니 원피스,#목걸이/펜던트,#블로퍼,#카디건,#숄더백",https://image.msscdn.net/images/codimap/detail/2596/detail_2596_1_500.jpg?202401091201
194,캐주얼,데일리 캐주얼 룩,21.08.27,"3,720",3,체크 패턴이 돋보이는 셔츠와 코튼 팬츠를 스타일링하고 슬링 백으로 완성한 캐주얼 룩,"#레터링,#캠퍼스,#꾸안꾸,#오버핏,#키높이,#체크,#여름,#캐주얼,#엘리오티,#로드,#와릿이즌,#한글안경,#반소매 티셔츠,#셔츠/블라우스,#캔버스/단화,#웨이스트 백,#안경",https://image.msscdn.net/images/codimap/detail/6057/detail_6057_1_500.jpg?202401091201
195,캐주얼,원 마일 웨어,21.02.24,"2,670",3,편하게 입기 좋은 스웨트셔츠에 체크 팬츠와 스니커즈를 코디하고 크로스 백으로 마무리한 이지 캐주얼 룩,"#봄,#캐주얼,#와이엠씨엘케이와이,#반스,#와릿이즌,#블루엘리펀트,#커버낫,#메신저/크로스 백,#기타 컬처,#캔버스/단화,#안경,#맨투맨/스웨트셔츠",https://image.msscdn.net/images/codimap/detail/1991/detail_1991_1_500.jpg?202401091201
196,캐주얼,봄 소풍 가는 날,21.03.17,"3,625",3,귀여운 플라워 패턴이 돋보이는 베스트에 데님 재킷을 매치하고 스니커즈를 더해 완성한 캐주얼 룩,"#봄,#캐주얼,#리복,#로얄라이프,#키르시,#스파오,#로씨로씨,#타게토,#펀프롬펀,#패션스니커즈화,#셔츠/블라우스,#반소매 티셔츠,#양말,#베스트,#롱스커트,#메신저/크로스 백,#크로스백",https://image.msscdn.net/images/codimap/detail/2291/detail_2291_1_500.jpg?202401091201
197,스트릿,유니크하게 완성,21.08.23,"3,904",3,로고 디테일의 슬리브리스에 후드 티셔츠를 더하고 백팩으로 포인트를 준 스트릿 룩,"#유니크,#힙합,#로고플레이,#그래픽,#페스티벌,#레이어드룩,#여름,#스트릿,#오호스,#어나더에이,#아쵸,#배디,#후드 티셔츠,#백팩,#트레이닝/조거 팬츠,#목걸이/펜던트",https://image.msscdn.net/images/codimap/detail/5825/detail_5825_1_500.jpg?202401091201
198,시크,감각적인 스타일링,21.08.18,"2,046",3,셔링 디테일이 매력적인 튜브 탑과 플리츠 팬츠를 매치하고 숄더백으로 완성한 시크 룩,"#그래픽,#모노톤,#셔링,#여름,#시크,#스칼렛또,#이우가마카라스,#어반드레스,#스컬프터,#먼데인 먼데이,#팔찌,#숄더백,#민소매 티셔츠,#슬리퍼",https://image.msscdn.net/images/codimap/detail/5681/detail_5681_1_500.jpg?202401091201
199,캐주얼,디테일에 반해,21.05.14,"1,509",3,루즈 핏 반팔 티셔츠와 화이트 데님 팬츠를 매치하고 크로스 백으로 마무리한 캐주얼 룩,"#봄,#캐주얼,#구찌,#앤더슨벨,#반지,#구두,#메신저/크로스 백,#벨트",https://image.msscdn.net/images/codimap/detail/3162/detail_3162_1_500.jpg?202401091201
200,캐주얼,무난한 매치,21.09.13,"13,399",3,로고가 돋보이는 스웨트셔츠와 셔츠를 레이어드하고 크로스 백으로 완성한 캐주얼 룩,"#로고플레이,#스트라이프,#캠퍼스,#레이어드룩,#벌룬핏,#가을,#캐주얼,#브래디백,#아디다스,#라모랭,#이벳필드,#예일,#노드스튜디오,#라퍼지스토어,#메신저/크로스 백,#잡지/무크지,#패션스니커즈화,#비니,#맨투맨/스웨트셔츠,#셔츠/블라우스,#데님 팬츠,#사파리/헌팅 재킷",https://image.msscdn.net/images/codimap/detail/6648/detail_6648_1_500.jpg?202401091201
201,캐주얼,편안한 조합,21.09.06,"14,304",3,편하게 입기 좋은 긴팔 티셔츠에 스웨트 팬츠를 코디하고 스니커즈로 마무리한 이지 캐주얼 룩,"#레터링,#오버핏,#편안한,#원마일웨어,#가을,#캐주얼,#페넥,#골라 클래식,#브렌슨,#참스,#엠엘비,#지갑/머니클립,#트레이닝/조거 팬츠,#긴소매 티셔츠,#캡/야구 모자",https://image.msscdn.net/images/codimap/detail/6365/detail_6365_1_500.jpg?202401091201
202,로맨틱,파스텔 로맨틱,21.09.30,"1,435",3,화사한 컬러감이 돋보이는 셔츠와 미디스커트를 매치하고 숄더백으로 포인트를 준 로맨틱 룩,"#컬러포인트,#파스텔,#화사한,#데이트,#셋업코디,#가을,#로맨틱,#로우클래식,#아모멘토,#오소이,#반소매 티셔츠,#셔츠/블라우스,#미디스커트,#기타 모자,#긴소매 티셔츠,#샌들,#숄더백,#부츠",https://image.msscdn.net/images/codimap/detail/7302/detail_7302_1_500.jpg?202401091201
203,비즈니스캐주얼,깔끔하게 출근,21.10.05,"4,429",3,베이식한 베스트와 셔츠를 레이어드한 후 슬랙스를 매치하여 연출한 포멀 룩,"#모노톤,#단정한,#출근룩,#격식,#레이어드룩,#미니멀,#가을,#포멀,#올리버커스텀,#토마스모어,#아르반,#반원 아틀리에,#수아레,#루이까또즈,#구두,#반소매 티셔츠,#블루종/MA-1,#머플러,#브리프케이스,#비즈니스캐주얼",https://image.msscdn.net/images/codimap/detail/7479/detail_7479_1_500.jpg?202401091201
204,시크,시크함 가득,21.05.14,"1,023",3,"미니멀한 디자인의 오프숄더 티셔츠와 롱스커트를 매치하고 선글라스, 목걸이로 멋을 더한 시크 룩","#봄,#시크,#페이크미,#블러브,#레이어무드,#커렌트,#잠트,#애노드레브,#선글라스,#셔츠/블라우스,#목걸이/펜던트,#롱스커트,#부츠,#숄더백",https://image.msscdn.net/images/codimap/detail/3159/detail_3159_1_500.jpg?202401091201
205,댄디,디테일의 차이,21.09.24,"7,438",3,컬러 배색이 돋보이는 베스트와 셔츠를 레이어드한 후 데님 팬츠로 완성한 댄디 룩,"#레이어드룩,#데이트,#레더,#모노톤,#가을,#댄디,#앤드류앤코,#닥터마틴,#피스워커,#쿠어,#베리베인,#쿼츠 아날로그,#반려동물용품,#구두,#토트백,#데님 팬츠,#블루종/MA-1,#베스트",https://image.msscdn.net/images/codimap/detail/7124/detail_7124_1_500.jpg?202401091201
206,캐주얼,비에도 가볍게,21.10.06,"3,452",3,레터링이 돋보이는 스웨트셔츠와 트러커 재킷을 매치하고 백팩으로 마무리한 캐주얼 룩,"#레터링,#레이어드룩,#오버핏,#스티치,#캠퍼스,#비,#가을,#캐주얼,#컨버스,#파라체이스,#유니폼브릿지,#테이크이지,#일꼬르소,#아카우,#캔버스/단화,#우산,#백팩,#셔츠/블라우스,#맨투맨/스웨트셔츠,#트러커 재킷,#캡/야구 모자",https://image.msscdn.net/images/codimap/detail/7533/detail_7533_1_500.jpg?202401091201
207,비즈니스캐주얼,담백한 무드,21.11.05,"2,730",3,미니멀 무드의 셔츠와 니트를 레이어드하고 싱글 코트로 연출한 포멀 룩,"#단정한,#격식,#출근룩,#레이어드룩,#레더,#뉴트럴톤,#가을,#포멀,#스위치,#에프터글로우,#수아레,#르아르,#벨룻,#노이어,#겐지,#숄더백,#잡지/무크지,#슈트 팬츠/슬랙스,#셔츠/블라우스,#구두,#겨울 싱글 코트,#안경,#비즈니스캐주얼",https://image.msscdn.net/images/codimap/detail/8709/detail_8709_1_500.jpg?202401091201
208,비즈니스캐주얼,감각 있는 조합,21.11.01,"2,277",3,오버 핏의 더블 코트에 니트와 슬랙스를 더해 연출한 포멀 룩,"#뉴트럴톤,#레이어드룩,#핀턱,#단정한,#격식,#출근룩,#레더,#가을,#포멀,#로터프,#폭스바겐 와치,#무신사 스탠다드,#커스텀에이드,#브리프케이스,#기타 시계,#반려동물용품,#슈트 팬츠/슬랙스,#안경 소품,#디퓨저/캔들,#구두,#로퍼,#반소매 티셔츠,#셔츠/블라우스,#니트/스웨터,#겨울 더블 코트,#디지털,#페도라,#비즈니스캐주얼",https://image.msscdn.net/images/codimap/detail/8478/detail_8478_1_500.jpg?202401091201
209,캐주얼,간편한 셋업,21.05.17,"3,063",3,편하게 입기 좋은 아노락 셋업에 오렌지 컬러의 볼캡으로 포인트를 준 이지 캐주얼 룩,"#봄,#캐주얼,#페넥,#뉴발란스,#엠엠엘지,#스파오,#케이스/슬리브,#캡/야구 모자,#아노락 재킷,#숏 팬츠",https://image.msscdn.net/images/codimap/detail/3178/detail_3178_1_500.jpg?202401091201
210,스트릿,힙하게 마무리,21.02.09,"4,088",3,그래픽이 돋보이는 스웨트셔츠에 나일론 재킷과 조거 팬츠를 코디하고 스니커즈로 포인트를 준 스트릿 룩,"#봄,#스트릿,#디스이즈네버댓,#이벳필드,#트레이닝 재킷,#기타 시계,#캡/야구 모자,#트레이닝/조거 팬츠,#목걸이/펜던트,#맨투맨/스웨트셔츠",https://image.msscdn.net/images/codimap/detail/1804/detail_1804_1_500.jpg?202401091201
211,캐주얼,모노 톤 코디,21.08.19,"6,728",3,편하게 입기 좋은 스웨트셔츠에 조거 팬츠를 매치하고 스니커즈로 마무리한 이지 캐주얼 룩,"#로고플레이,#원마일웨어,#편안한,#모노톤,#여름,#캐주얼,#바잘,#리,#보늬,#스케쳐스,#디스이즈네버댓,#버킷/사파리햇,#맨투맨/스웨트셔츠,#트레이닝/조거 팬츠,#패션스니커즈화,#메신저/크로스 백",https://image.msscdn.net/images/codimap/detail/5725/detail_5725_1_500.jpg?202401091201
212,스트릿,그래픽 활용법,21.10.06,"8,373",3,프린팅이 돋보이는 긴팔 티셔츠와 데님 팬츠를 코디하고 비니로 마무리한 스트릿 룩,"#레더,#그래픽,#스티치,#유니크,#모노톤,#와이드핏,#레이어드룩,#가을,#스트릿,#엠엘비,#얼모스트블루,#닥터마틴,#레이디 볼륨,#하이버넷,#비니,#팔찌,#블로퍼,#부츠,#레더/라이더스 재킷,#긴소매 티셔츠,#데님 팬츠",https://image.msscdn.net/images/codimap/detail/7581/detail_7581_1_500.jpg?202401091201
213,스트릿,시선 강탈 패션,21.11.05,"3,430",3,독특한 패턴이 돋보이는 조거 팬츠와 후드 티셔츠를 매치하고 스니커즈로 멋을 더한 스트릿 룩,"#유니크,#레터링,#오버핏,#플리스,#타이다이,#리버서블,#가을,#스트릿,#누깍,#아조바이아조,#와릿이즌,#디미토,#벙커버스터,#메신저/크로스 백,#후드 티셔츠,#비니,#플리스/뽀글이",https://image.msscdn.net/images/codimap/detail/8700/detail_8700_1_500.jpg?202401091201
214,캐주얼,활동성 최고!,21.05.17,"4,002",3,가볍게 입기 좋은 아노락 셋업에 레드 컬러 스니커즈로 포인트를 준 이지 캐주얼 룩,"#봄,#캐주얼,#컨버스,#라퍼지스토어,#엠엠엘지,#페넥,#캔버스/단화,#셔츠/블라우스,#비니,#숄더백",https://image.msscdn.net/images/codimap/detail/3176/detail_3176_1_500.jpg?202401091201
215,로맨틱,데이트 하는 날,21.05.17,"1,729",3,산뜻한 느낌의 크롭 블라우스와 데님 팬츠로 완성한 로맨틱 룩,"#봄,#로맨틱,#판도라핏,#코노시도진,#제이에스티나,#쎄꼰도,#미쏘,#데님 팬츠,#안경,#힐/펌프스,#메신저/크로스 백,#크로스백,#귀걸이,#셔츠/블라우스",https://image.msscdn.net/images/codimap/detail/3188/detail_3188_1_500.jpg?202401091201
216,캐주얼,산뜻한 조합,21.05.04,"10,025",3,반팔 니트에 데님 팬츠를 매치하고 숄더백으로 마무리한 캐주얼 룩,"#봄,#캐주얼,#메종 마르지엘라,#아모멘토,#택미홈 서울,#셀린느,#데님 팬츠,#안경 소품,#디퓨저/캔들,#피케/카라 티셔츠,#목걸이/펜던트,#토트백",https://image.msscdn.net/images/codimap/detail/3028/detail_3028_1_500.jpg?202401091201
217,캐주얼,데이트 가자,20.11.09,"5,572",3,"심플한 디자인의 코트와 니트, 데님 팬츠를 매치하고 뉴스보이캡으로 포인트를 준 캐주얼 룩","#데이트,#가을,#캐주얼,#유니버셜 케미스트리,#클레망,#파르티멘토,#유니폼브릿지,#로파이,#노스페이스,#헌팅캡/베레모,#구두,#로퍼,#반소매 티셔츠,#맨투맨/스웨트셔츠,#겨울 싱글 코트,#양말",https://image.msscdn.net/images/codimap/detail/487/detail_487_1_500.jpg?202401091201
218,캐주얼,시원한 컬러 조합,21.06.03,"1,718",3,프린팅 패턴이 돋보이는 반팔 티셔츠에 스웨트 팬츠를 매치한 이지 캐주얼 룩,"#편안한,#그래픽,#원마일웨어,#여름,#캐주얼,#엠엘비,#반스,#마켓,#아카이브 볼드,#카시오,#캡/야구 모자,#캔버스/단화,#숏 팬츠,#디지털",https://image.msscdn.net/images/codimap/detail/3431/detail_3431_1_500.jpg?202401091201
219,댄디,마성의 조합,21.06.09,"1,072",3,그래픽 프린팅이 유니크한 셔츠와 은은한 광택이 도는 팬츠로 연출한 댄디 룩,"#그래픽,#올블랙,#모노톤,#여름,#댄디,#애끼,#시그니처,#인사일런스,#알렌느,#팔찌,#메신저/크로스 백,#코튼 팬츠,#셔츠/블라우스",https://image.msscdn.net/images/codimap/detail/3591/detail_3591_1_500.jpg?202401091201
220,캐주얼,캠퍼스 룩 추천,21.06.09,"5,015",3,스트라이프 티셔츠와 데님 팬츠를 매치하고 크로스 백으로 마무리한 캐주얼 룩,"#스트라이프,#캠퍼스,#여름,#캐주얼,#내셔널지오그래픽,#비바스튜디오,#라퍼지스토어,#아웃도어 프로덕츠,#패션스니커즈화,#케이스/슬리브,#메신저/크로스 백,#반소매 티셔츠",https://image.msscdn.net/images/codimap/detail/3588/detail_3588_1_500.jpg?202401091201
221,아메카지,패턴의 매력,21.06.03,"9,241",3,체크 패턴이 돋보이는 셔츠와 린넨 팬츠를 매치한 아메리칸 캐주얼 룩,"#린넨,#아메카지,#체크,#여름,#아메리칸 캐주얼,#와일드 브릭스,#유니드가먼츠,#테바,#라퍼지스토어,#지갑/머니클립,#벨트,#셔츠/블라우스,#슬리퍼,#코튼 팬츠",https://image.msscdn.net/images/codimap/detail/3416/detail_3416_1_500.jpg?202401091201
222,걸리시,뷔스티에 활용법,21.06.04,"2,829",3,미니 원피스에 페이즐리 패턴이 돋보이는 뷔스티에를 레이어드하고 스트랩 샌들로 완성한 걸리시 룩,"#레이어드룩,#피크닉,#페이즐리,#여름,#걸리시,#봉보,#엽페,#타게토,#닥터마틴,#노이아고,#목걸이/펜던트,#에코백,#민소매 티셔츠,#샌들,#미니 원피스",https://image.msscdn.net/images/codimap/detail/3495/detail_3495_1_500.jpg?202401091201
223,캐주얼,귀여운 포인트,21.01.08,"2,633",3,스트라이프 니트에 유니크한 조거 팬츠를 더한 후 비니로 컬러 포인트를 준 캐주얼 룩,"#겨울,#캐주얼,#다이아몬드 레이라,#프로스펙스,#코드그라피,#와일드 브릭스,#스티그마,#스파오,#머플러,#패션스니커즈화,#비니",https://image.msscdn.net/images/codimap/detail/1349/detail_1349_1_500.jpg?202401091201
224,아메카지,편안한 색감,21.06.15,"2,328",3,그린 컬러가 돋보이는 셔츠와 퍼티그 팬츠를 매치하고 스니커즈로 완성한 아메리칸 캐주얼 룩,"#톤온톤,#뉴트럴톤,#아메카지,#로고플레이,#여름,#아메리칸 캐주얼,#유니폼브릿지,#커버낫,#유니버셜 케미스트리,#리,#안경 소품,#액자/포스터,#메신저/크로스 백,#잡지/무크지,#헌팅캡/베레모,#셔츠/블라우스",https://image.msscdn.net/images/codimap/detail/3725/detail_3725_1_500.jpg?202401091201
225,스트릿,디테일 포인트,21.08.19,"1,704",3,그래픽 디테일이 돋보이는 반팔 티셔츠에 데님 팬츠를 코디하고 숄더백으로 마무리한 스트릿 룩,"#그래픽,#찢청,#유니크,#와이드핏,#키높이,#페스티벌,#여름,#스트릿,#바이시클트로피,#리플라,#엠엘비,#하이버넷,#배디,#발찌,#구두,#숄더백,#데님 팬츠,#반소매 티셔츠",https://image.msscdn.net/images/codimap/detail/5727/detail_5727_1_500.jpg?202401091201
226,캐주얼,베스트 더하기,21.07.01,"3,814",3,반팔 티셔츠에 그린 컬러가 돋보이는 베스트를 더하고 데님 숏 팬츠로 완성한 캐주얼 룩,"#캠퍼스,#남친룩,#벌룬핏,#여름,#캐주얼,#컨버스,#레테르코모,#페넥,#사운즈라이프,#셔츠/블라우스,#백팩,#숏 팬츠,#베스트",https://image.msscdn.net/images/codimap/detail/3999/detail_3999_1_500.jpg?202401091201
227,캐주얼,원 마일 웨어,21.06.16,"3,147",3,편하게 입기 좋은 반팔 티셔츠에 스웨트 팬츠를 매치하고 크로스 백과 슬리퍼로 마무리한 이지 캐주얼 룩,"#로고플레이,#편안한,#원마일웨어,#모노톤,#와이드핏,#여름,#캐주얼,#크럼프,#커버낫,#와릿이즌,#아이홉소,#게스,#트레이닝/조거 팬츠,#안경 소품,#슬리퍼,#메신저/크로스 백,#캡/야구 모자",https://image.msscdn.net/images/codimap/detail/3746/detail_3746_1_500.jpg?202401091201
228,비즈니스캐주얼,모노 톤 활용법,21.02.18,837,3,심플한 니트와 셔츠를 레이어드하고 와이드 핏 슬랙스와 숄더백으로 완성한 포멀 룩,"#봄,#포멀,#로에일,#루에브르,#랩,#링키래버토리,#노이아고,#마뗑킴,#반소매 티셔츠,#셔츠/블라우스,#숄더백,#귀걸이,#슈트 팬츠/슬랙스,#부츠,#비즈니스캐주얼",https://image.msscdn.net/images/codimap/detail/1895/detail_1895_1_500.jpg?202401091201
229,캐주얼,추천 스타일링,21.07.02,"5,129",3,"프린팅이 돋보이는 반팔 티셔츠에 데님 팬츠, 스니커즈를 더해 연출한 캐주얼 룩","#캠퍼스,#꾸안꾸,#와이드핏,#그래픽,#남친룩,#여름,#캐주얼,#포콤마,#프로스펙스,#테이크이지,#예일,#엄브로,#목걸이/펜던트,#패션스니커즈화,#데님 팬츠,#반소매 티셔츠,#메신저/크로스 백",https://image.msscdn.net/images/codimap/detail/4036/detail_4036_1_500.jpg?202401091201
230,걸리시,프레피 룩의 정석,20.11.02,"3,426",3,간결한 실루엣이 돋보이는 블레이저와 미니스커트를 매치하고 아가일 패턴의 베스트로 포인트를 더한 걸리시 룩,"#가을,#걸리시,#무신사 스탠다드,#닥터마틴,#엔오르,#하이스쿨디스코,#로에일,#양말,#목걸이/펜던트,#구두,#미니스커트,#셔츠/블라우스",https://image.msscdn.net/images/codimap/detail/392/detail_392_1_500.jpg?202401091201
231,캐주얼,깜찍한 포인트,21.07.13,"2,355",3,프린팅이 돋보이는 반팔 티셔츠와 데님 숏 팬츠를 매치하고 에코백으로 완성한 캐주얼 룩,"#그래픽,#캠퍼스,#에코,#로고플레이,#키높이,#캐릭터,#여름,#캐주얼,#컨버스,#이벳필드,#어피스오브케이크,#예일,#유니폼브릿지,#캔버스/단화,#양말,#에코백,#반소매 티셔츠,#숏 팬츠",https://image.msscdn.net/images/codimap/detail/4380/detail_4380_1_500.jpg?202401091201
232,캐주얼,상큼한 조합,21.07.09,"4,529",3,로고 디테일이 돋보이는 반팔 티셔츠에 데님 스커트를 더하고 체크 패턴 스니커즈로 완성한 캐주얼 룩,"#체크,#로고플레이,#캠퍼스,#꾸안꾸,#화사한,#오버핏,#여름,#캐주얼,#아카이브앱크,#반스,#펄리모어,#키르시,#어커버,#숄더백,#캔버스/단화,#팔찌,#롱스커트",https://image.msscdn.net/images/codimap/detail/4307/detail_4307_1_500.jpg?202401091201
233,캐주얼,돋보이는 센스,21.07.12,"1,075",3,그래픽이 돋보이는 반팔 티셔츠에 데님 팬츠를 코디하고 크로스 백으로 마무리한 캐주얼 룩,"#그래픽,#와이드핏,#남친룩,#캠퍼스,#여름,#캐주얼,#핍스,#토마스모어,#컨버스,#본챔스,#지샥,#메신저/크로스 백,#기타 컬처,#데님 팬츠,#반소매 티셔츠,#디지털",https://image.msscdn.net/images/codimap/detail/4327/detail_4327_1_500.jpg?202401091201
234,캐주얼,블루 포인트,21.07.09,"7,485",3,오버 핏 티셔츠에 조거 팬츠를 매치하고 로고가 돋보이는 에코백으로 완성한 이지 캐주얼 룩,"#편안한,#원마일웨어,#오버핏,#로고플레이,#에코,#여름,#캐주얼,#제멋,#엠엘비,#마리떼,#제로,#컨버스,#셔츠/블라우스,#반소매 티셔츠,#캡/야구 모자,#에코백,#트레이닝/조거 팬츠",https://image.msscdn.net/images/codimap/detail/4289/detail_4289_1_500.jpg?202401091201
235,로맨틱,데이트 가는 날,20.11.04,908,3,플로럴 패턴이 돋보이는 원피스와 트렌치코트를 연출하고 부츠로 마무리한 로맨틱 룩,"#가을,#로맨틱,#모노슬롯,#에트몽,#빈폴 액세서리,#렉켄,#아르댓,#목걸이/펜던트,#맥시 원피스,#장갑,#부츠",https://image.msscdn.net/images/codimap/detail/439/detail_439_1_500.jpg?202401091201
236,캐주얼,눈에 띄는 디테일,20.11.05,"3,333",3,화사한 체크 셔츠와 레터링이 인상적인 니트를 레이어드한 후 그린 컬러의 스니커즈로 마무리한 이지 캐주얼 룩,"#가을,#캐주얼,#아조바이아조,#86로드,#커버낫,#메리제임스,#컨버스,#반소매 티셔츠,#니트/스웨터,#데님 팬츠,#안경,#셔츠/블라우스",https://image.msscdn.net/images/codimap/detail/442/detail_442_1_500.jpg?202401091201
237,캐주얼,미니멀한 조합,21.06.25,"3,021",3,반팔 티셔츠에 베스트를 레이어드하고 블랙 컬러 숏 팬츠와 타비 스니커즈로 연출한 미니멀 캐주얼 룩,"#미니멀,#모노톤,#남친룩,#레이어드룩,#여름,#캐주얼,#메종 마르지엘라,#아페쎄,#쿠어,#파우치 백,#베스트,#버킷/사파리햇",https://image.msscdn.net/images/codimap/detail/3901/detail_3901_1_500.jpg?202401091201
238,아메카지,멋진 아메카지 룩,21.07.16,"5,898",3,자수가 포인트인 베스트에 벌룬 팬츠를 매치하고 메신저 백으로 멋을 더한 아메리칸 캐주얼 룩,"#아메카지,#벌룬핏,#뉴트럴톤,#여름,#아메리칸 캐주얼,#모노노,#리끌로우,#사운즈라이프,#퍼스텝,#비욘드클로젯,#메신저/크로스 백,#안경,#코튼 팬츠,#셔츠/블라우스,#베스트",https://image.msscdn.net/images/codimap/detail/4552/detail_4552_1_500.jpg?202401091201
239,캐주얼,톤온톤 좋아,21.03.09,"6,014",3,베이지 컬러의 트러커 재킷에 아이보리 진을 매치한 후 같은 톤의 볼캡으로 마무리한 캐주얼 룩,"#봄,#캐주얼,#무신사 스탠다드,#와르,#커스텀어클락,#마우,#마하그리드,#틀영,#반소매 티셔츠,#긴소매 티셔츠,#코튼 팬츠,#안경 소품,#카디건,#캔버스/단화,#캡/야구 모자",https://image.msscdn.net/images/codimap/detail/2161/detail_2161_1_500.jpg?202401091201
240,캐주얼,디테일 가득!,21.07.02,"4,701",3,그래픽 디테일이 돋보이는 티셔츠에 데님 팬츠를 코디하고 스니커즈로 완성한 캐주얼 룩,"#톤온톤,#그래픽,#모노톤,#컬러블록,#캠퍼스,#미세먼지,#와이드핏,#여름,#캐주얼,#반스,#트래블,#팝미,#로아드로아,#미니멀프로젝트,#캔버스/단화,#반소매 티셔츠,#마스크,#메신저/크로스 백,#데님 팬츠",https://image.msscdn.net/images/codimap/detail/4037/detail_4037_1_500.jpg?202401091201
241,아메카지,탐나는 연출,22.01.13,"3,839",3,코듀로이 소재가 돋보이는 셔츠와 베스트를 매치하고 숄더백으로 완성한 아메리칸 캐주얼 룩,"#아메카지,#뉴트럴톤,#코듀로이,#벌룬핏,#레더,#겨울,#아메리칸 캐주얼,#포디어웍스,#하프크라이즈 레이아웃,#유니버셜 케미스트리,#디미트리블랙,#프리즘웍스,#미니멀프로젝트,#레인보우샌들,#숄더백,#잡지/무크지,#트루퍼,#셔츠/블라우스,#코튼 팬츠,#구두,#모카신/보트 슈즈",https://image.msscdn.net/images/codimap/detail/11309/detail_11309_1_500.jpg?202401091201
242,댄디,디테일의 차이,21.09.24,"7,438",3,컬러 배색이 돋보이는 베스트와 셔츠를 레이어드한 후 데님 팬츠로 완성한 댄디 룩,"#레이어드룩,#데이트,#레더,#모노톤,#가을,#댄디,#앤드류앤코,#닥터마틴,#피스워커,#쿠어,#베리베인,#쿼츠 아날로그,#반려동물용품,#구두,#토트백,#데님 팬츠,#블루종/MA-1,#베스트",https://image.msscdn.net/images/codimap/detail/7124/detail_7124_1_500.jpg?202401091201
243,캐주얼,블루 캐주얼,21.05.27,"2,732",3,심플한 디자인의 셔츠와 퍼티그 스커트를 매치하고 스니커즈로 마무리한 캐주얼 룩,"#편안한,#봄,#캐주얼,#컨버스,#무신사 스탠다드,#마이오믈렛,#어썸니즈,#캔버스/단화,#롱스커트,#셔츠/블라우스,#반지,#숄더백",https://image.msscdn.net/images/codimap/detail/3322/detail_3322_1_500.jpg?202401091201
244,캐주얼,미니멀의 정석,21.01.04,"1,814",3,담백한 디테일의 롱 코트에 니트와 팬츠를 매치하고 로고 패턴이 돋보이는 스니커즈로 포인트를 준 캐주얼 룩,"#겨울,#캐주얼,#엠씨엠,#아모멘토,#캔버스/단화,#니트/스웨터,#셔츠/블라우스,#데님 팬츠,#겨울 싱글 코트,#디지털,#페도라,#케이스/슬리브",https://image.msscdn.net/images/codimap/detail/1263/detail_1263_1_500.jpg?202401091201
245,걸리시,산뜻한 조합,21.06.25,"2,404",3,그린 컬러의 원피스에 니트 버킷햇과 메리제인 슈즈를 더해 완성한 걸리시 룩,"#화사한,#피크닉,#체크,#뉴트럴톤,#여름,#걸리시,#무신사 스탠다드,#다이애그널,#아카이브앱크,#시티브리즈,#빅토리아 슈즈,#양말,#목걸이/펜던트,#버킷/사파리햇,#숄더백,#미니 원피스,#힐/펌프스",https://image.msscdn.net/images/codimap/detail/3914/detail_3914_1_500.jpg?202401091201
246,스트릿,숏 패딩 코디,21.01.05,"1,450",3,스트라이프 패턴이 돋보이는 후드 티셔츠와 카고 팬츠를 매치하고 스니커즈로 포인트를 더한 스트릿 룩,"#겨울,#스트릿,#엘엠씨,#크리틱,#비바스튜디오,#와릿이즌,#숏패딩/숏헤비 아우터,#후드 티셔츠,#비니,#케이스/슬리브",https://image.msscdn.net/images/codimap/detail/1291/detail_1291_1_500.jpg?202401091201
247,캐주얼,시원한 컬러 조합,21.06.03,"1,718",3,프린팅 패턴이 돋보이는 반팔 티셔츠에 스웨트 팬츠를 매치한 이지 캐주얼 룩,"#편안한,#그래픽,#원마일웨어,#여름,#캐주얼,#엠엘비,#반스,#마켓,#아카이브 볼드,#카시오,#캡/야구 모자,#캔버스/단화,#숏 팬츠,#디지털",https://image.msscdn.net/images/codimap/detail/3431/detail_3431_1_500.jpg?202401091201
248,캐주얼,가벼운 외출,21.01.05,"1,948",3,귀여운 그래픽이 돋보이는 니트와 데님 팬츠를 연출하고 백팩으로 완성한 캐주얼 룩,"#겨울,#캐주얼,#네이키드니스,#베테제,#티떠블유엔,#파르티멘토,#지프,#뉴발란스,#백팩,#기타 컬처,#데님 팬츠,#숏패딩/숏헤비 아우터,#캡/야구 모자",https://image.msscdn.net/images/codimap/detail/1298/detail_1298_1_500.jpg?202401091201
249,캐주얼,끌리는 뒤태,21.07.01,"1,317",3,뒷면 그래픽 프린팅이 돋보이는 티셔츠와 데님 팬츠를 매치하고 백팩으로 마무리한 캐주얼 룩,"#그래픽,#와이드핏,#로고플레이,#캠퍼스,#남친룩,#꾸안꾸,#여름,#캐주얼,#커버낫,#에가든,#노드 아카이브,#후딩스,#백팩,#시계 용품,#데님 팬츠",https://image.msscdn.net/images/codimap/detail/3992/detail_3992_1_500.jpg?202401091201
250,캐주얼,인생 스웨트셔츠,20.10.27,"6,547",3,빅 로고 포인트의 스웨트셔츠에 크림 진을 매치하고 플리츠 니트 백으로 완성한 캐주얼 룩,"#가을,#캐주얼,#유니폼브릿지,#플리츠마마,#꼼파뇨,#슈펜,#하바이아나스,#반소매 티셔츠,#맨투맨/스웨트셔츠,#숄더백,#데님 팬츠,#안경 소품,#우산,#샌들",https://image.msscdn.net/images/codimap/detail/268/detail_268_1_500.jpg?202401091201
251,댄디,마성의 조합,21.06.09,"1,072",3,그래픽 프린팅이 유니크한 셔츠와 은은한 광택이 도는 팬츠로 연출한 댄디 룩,"#그래픽,#올블랙,#모노톤,#여름,#댄디,#애끼,#시그니처,#인사일런스,#알렌느,#팔찌,#메신저/크로스 백,#코튼 팬츠,#셔츠/블라우스",https://image.msscdn.net/images/codimap/detail/3591/detail_3591_1_500.jpg?202401091201
252,캐주얼,원 마일 웨어,21.06.16,"3,147",3,편하게 입기 좋은 반팔 티셔츠에 스웨트 팬츠를 매치하고 크로스 백과 슬리퍼로 마무리한 이지 캐주얼 룩,"#로고플레이,#편안한,#원마일웨어,#모노톤,#와이드핏,#여름,#캐주얼,#크럼프,#커버낫,#와릿이즌,#아이홉소,#게스,#트레이닝/조거 팬츠,#안경 소품,#슬리퍼,#메신저/크로스 백,#캡/야구 모자",https://image.msscdn.net/images/codimap/detail/3746/detail_3746_1_500.jpg?202401091201
253,캐주얼,귀여운 포인트,21.01.08,"2,633",3,스트라이프 니트에 유니크한 조거 팬츠를 더한 후 비니로 컬러 포인트를 준 캐주얼 룩,"#겨울,#캐주얼,#다이아몬드 레이라,#프로스펙스,#코드그라피,#와일드 브릭스,#스티그마,#스파오,#머플러,#패션스니커즈화,#비니",https://image.msscdn.net/images/codimap/detail/1349/detail_1349_1_500.jpg?202401091201
254,캐주얼,여름 셔츠 코디,21.06.22,"4,484",3,오버 핏 셔츠와 숏 팬츠를 매치하고 크로스 백으로 마무리한 캐주얼 룩,"#오버핏,#와이드핏,#뉴트럴톤,#피크닉,#여름,#캐주얼,#라츠,#커버낫,#다이아몬드 레이라,#코닥,#숏 팬츠,#시계 용품,#셔츠/블라우스,#메신저/크로스 백",https://image.msscdn.net/images/codimap/detail/3829/detail_3829_1_500.jpg?202401091201
255,캐주얼,트렌디한 조합,22.09.27,"3,736",3,와인 컬러가 매력적인 블루종과 데님 팬츠를 매치하고 볼캡을 더해 완성한 캐주얼 룩,"#워싱,#찢청,#컬러포인트,#레터링,#자수,#가을,#캐주얼,#앳 더 모먼트,#레더리,#아식스,#플레이언,#토마스모어,#트릴리온,#데님 팬츠,#캡/야구 모자,#미디스커트,#볼캡,#패션스니커즈화,#메신저/크로스 백,#블루종/MA-1,#맨투맨/스웨트셔츠",https://image.msscdn.net/images/codimap/detail/18884/detail_18884_1_500.jpg?202401091201
256,캐주얼,빈티지 무드,20.11.02,"6,932",3,올리브 컬러의 숏 패딩에 밝은 스웨트셔츠를 매치하고 스웨이드 첼시 부츠로 완성한 캐주얼 룩,"#가을,#캐주얼,#피렌체 아뜨리에,#커버낫,#티메이커,#케이엔드,#부츠",https://image.msscdn.net/images/codimap/detail/380/detail_380_1_500.jpg?202401091201
257,댄디,멋짐의 비결,21.07.01,"1,561",3,미니멀 무드의 반팔 티셔츠와 슬랙스를 코디하고 백팩을 더해 완성한 댄디 룩,"#모노톤,#미니멀,#레더,#톤온톤,#여름,#댄디,#데몬에이드,#인사일런스,#알레타 샌들,#코드,#빈트릴,#백팩,#반소매 티셔츠,#샌들,#슈트 팬츠/슬랙스,#선글라스",https://image.msscdn.net/images/codimap/detail/3991/detail_3991_1_500.jpg?202401091201
258,걸리시,심쿵 포인트,21.06.16,"2,413",3,체크 크롭 티셔츠와 미니스커트로 완성한 걸리시 룩,"#체크,#짧치,#하이틴룩,#크롭,#여름,#걸리시,#리플라,#5252 바이 오아이오아이,#애노드레브,#루이본,#네스티팬시클럽,#구두,#미니스커트,#메신저/크로스 백,#크로스백,#헤어 액세서리",https://image.msscdn.net/images/codimap/detail/3754/detail_3754_1_500.jpg?202401091201
259,걸리시,퍼 재킷 연출하기,21.01.05,"1,943",3,체크 패턴이 돋보이는 미니스커트와 퍼 재킷을 매치하고 부츠로 완성한 걸리시 룩,"#겨울,#걸리시,#시티브리즈,#조셉앤스테이시,#커렌트,#어글리쉐도우,#에이티티,#미쏘,#반소매 티셔츠,#메신저/크로스 백,#부츠,#미니스커트",https://image.msscdn.net/images/codimap/detail/1282/detail_1282_1_500.jpg?202401091201
260,로맨틱,분위기 있어 보여!,21.07.12,"1,875",3,셔링 디테일이 돋보이는 블라우스에 롱스커트를 매치하고 샌들로 마무리한 로맨틱 룩,"#데이트,#셔링,#화사한,#여름,#로맨틱,#세스띠,#제이에스티나,#무신사 스탠다드,#오에스티,#샌들,#토트백,#피케/카라 티셔츠,#셔츠/블라우스,#롱스커트,#목걸이/펜던트",https://image.msscdn.net/images/codimap/detail/4344/detail_4344_1_500.jpg?202401091201
261,걸리시,프레피 룩의 정석,20.11.02,"3,426",3,간결한 실루엣이 돋보이는 블레이저와 미니스커트를 매치하고 아가일 패턴의 베스트로 포인트를 더한 걸리시 룩,"#가을,#걸리시,#무신사 스탠다드,#닥터마틴,#엔오르,#하이스쿨디스코,#로에일,#양말,#목걸이/펜던트,#구두,#미니스커트,#셔츠/블라우스",https://image.msscdn.net/images/codimap/detail/392/detail_392_1_500.jpg?202401091201
262,비즈니스캐주얼,모노 톤 활용법,21.02.18,837,3,심플한 니트와 셔츠를 레이어드하고 와이드 핏 슬랙스와 숄더백으로 완성한 포멀 룩,"#봄,#포멀,#로에일,#루에브르,#랩,#링키래버토리,#노이아고,#마뗑킴,#반소매 티셔츠,#셔츠/블라우스,#숄더백,#귀걸이,#슈트 팬츠/슬랙스,#부츠,#비즈니스캐주얼",https://image.msscdn.net/images/codimap/detail/1895/detail_1895_1_500.jpg?202401091201
263,캐주얼,남다른 플리스,20.10.28,"2,468",3,상·하의를 블랙으로 통일하고 빈티지한 퍼플 컬러의 플리스 재킷으로 개성을 더한 이지 캐주얼 룩,"#가을,#캐주얼,#반스,#앤커,#엘엠씨,#어낫띵,#와릿이즌,#캔버스/단화,#헤드폰,#셔츠/블라우스,#반소매 티셔츠,#트레이닝/조거 팬츠",https://image.msscdn.net/images/codimap/detail/289/detail_289_1_500.jpg?202401091201
264,스트릿,시크한 매력,21.02.26,"2,142",3,"패치워크가 돋보이는 티셔츠와 스타디움 재킷을 연출하고 비니, 스니커즈로 포인트를 준 스트릿 룩","#봄,#스트릿,#드네이지,#셉텐벌5,#플레어업,#트레이닝/조거 팬츠,#안경 소품,#액자/포스터,#목걸이/펜던트,#비니",https://image.msscdn.net/images/codimap/detail/2037/detail_2037_1_500.jpg?202401091201
265,댄디,톤온톤의 멋,21.07.05,"1,223",3,스트라이프 패턴이 매력적인 니트와 하프 팬츠를 매치하고 크로스 백으로 완성한 댄디 룩,"#톤온톤,#스트라이프,#데이트,#레더,#여름,#댄디,#콘스페로,#닥터마틴,#토마스모어,#미나브,#로파이,#메신저/크로스 백,#슬리퍼,#벨트,#피케/카라 티셔츠,#숏 팬츠",https://image.msscdn.net/images/codimap/detail/4088/detail_4088_2_500.jpg?202401091201
266,캐주얼,돋보이는 센스,21.07.12,"1,075",3,그래픽이 돋보이는 반팔 티셔츠에 데님 팬츠를 코디하고 크로스 백으로 마무리한 캐주얼 룩,"#그래픽,#와이드핏,#남친룩,#캠퍼스,#여름,#캐주얼,#핍스,#토마스모어,#컨버스,#본챔스,#지샥,#메신저/크로스 백,#기타 컬처,#데님 팬츠,#반소매 티셔츠,#디지털",https://image.msscdn.net/images/codimap/detail/4327/detail_4327_1_500.jpg?202401091201
267,걸리시,싱그러운 느낌,21.06.01,"1,448",3,"플로럴 패턴이 매력적인 원피스와 메리제인 슈즈, 숄더백으로 완성한 걸리시 룩","#데이트,#화사한,#플라워,#여름,#걸리시,#피오레,#오스트카카,#큐리티,#글렌웨이버리03150,#에잇세컨즈,#귀걸이,#숄더백,#헤어 액세서리,#힐/펌프스",https://image.msscdn.net/images/codimap/detail/3388/detail_3388_1_500.jpg?202401091201
268,아메카지,패턴의 매력,21.06.03,"9,241",3,체크 패턴이 돋보이는 셔츠와 린넨 팬츠를 매치한 아메리칸 캐주얼 룩,"#린넨,#아메카지,#체크,#여름,#아메리칸 캐주얼,#와일드 브릭스,#유니드가먼츠,#테바,#라퍼지스토어,#지갑/머니클립,#벨트,#셔츠/블라우스,#슬리퍼,#코튼 팬츠",https://image.msscdn.net/images/codimap/detail/3416/detail_3416_1_500.jpg?202401091201
269,걸리시,원 컬러 포인트,21.06.01,"1,432",3,스트라이프 패턴이 돋보이는 크롭 탑과 미니스커트를 매치하고 키치한 무드의 크로스 백으로 완성한 걸리시 룩,"#스트라이프,#컬러포인트,#그래픽,#짧치,#레이어드룩,#여름,#걸리시,#닥터마틴,#하이스쿨디스코,#어글리쉐도우,#플리즈프로젝트,#키픔,#샌들,#민소매 티셔츠,#반소매 티셔츠,#긴소매 티셔츠,#메신저/크로스 백,#목걸이/펜던트",https://image.msscdn.net/images/codimap/detail/3391/detail_3391_1_500.jpg?202401091201
270,스트릿,패턴 활용법,21.05.20,"1,377",3,가볍게 입기 좋은 카디건과 유니크한 패턴 팬츠를 매치하고 옐로 컬러의 스니커즈로 포인트를 준 스트릿 룩,"#힙합,#유니크,#컬러포인트,#봄,#스트릿,#문수권세컨,#글로리아덴,#어나더에이,#무디디,#아식스,#셔츠/블라우스,#니트/스웨터,#귀걸이,#데님 팬츠,#캡/야구 모자,#패션스니커즈화",https://image.msscdn.net/images/codimap/detail/3229/detail_3229_1_500.jpg?202401091201
271,아메카지,이렇게 입어봐,21.12.22,"3,351",3,코듀로이 소재의 셔츠와 데님 팬츠를 코디하고 코치 재킷으로 완성한 아메리칸 캐주얼 룩,"#퀼팅,#체크,#스티치,#아메카지,#코듀로이,#와이드핏,#스웨이드,#겨울,#아메리칸 캐주얼,#유니폼브릿지,#치키타,#모노플로우,#바버,#커버낫,#이에스와이25,#트러커 재킷,#데님 팬츠,#에코백,#스카프/반다나,#구두,#모카신/보트 슈즈",https://image.msscdn.net/images/codimap/detail/10452/detail_10452_1_500.jpg?202401091201
272,스트릿,시선 강탈 패션,21.11.05,"3,430",3,독특한 패턴이 돋보이는 조거 팬츠와 후드 티셔츠를 매치하고 스니커즈로 멋을 더한 스트릿 룩,"#유니크,#레터링,#오버핏,#플리스,#타이다이,#리버서블,#가을,#스트릿,#누깍,#아조바이아조,#와릿이즌,#디미토,#벙커버스터,#메신저/크로스 백,#후드 티셔츠,#비니,#플리스/뽀글이",https://image.msscdn.net/images/codimap/detail/8700/detail_8700_1_500.jpg?202401091201
273,비즈니스캐주얼,지적인 분위기,21.11.09,"3,537",3,매력적인 컬러의 블레이저 셋업에 니트를 매치하고 숄더백으로 마무리한 포멀 룩,"#셋업코디,#레더,#단정한,#격식,#출근룩,#모노톤,#가을,#포멀,#스위치,#인사일런스,#슈펜,#니티드,#수아레,#제이리움,#숄더백,#잡지/무크지,#겨울 싱글 코트,#디지털,#페도라,#구두,#니트/스웨터,#장갑,#비즈니스캐주얼",https://image.msscdn.net/images/codimap/detail/8817/detail_8817_1_500.jpg?202401091201
274,비즈니스캐주얼,감각 있는 조합,21.11.01,"2,277",3,오버 핏의 더블 코트에 니트와 슬랙스를 더해 연출한 포멀 룩,"#뉴트럴톤,#레이어드룩,#핀턱,#단정한,#격식,#출근룩,#레더,#가을,#포멀,#로터프,#폭스바겐 와치,#무신사 스탠다드,#커스텀에이드,#브리프케이스,#기타 시계,#반려동물용품,#슈트 팬츠/슬랙스,#안경 소품,#디퓨저/캔들,#구두,#로퍼,#반소매 티셔츠,#셔츠/블라우스,#니트/스웨터,#겨울 더블 코트,#디지털,#페도라,#비즈니스캐주얼",https://image.msscdn.net/images/codimap/detail/8478/detail_8478_1_500.jpg?202401091201
275,캐주얼,블랙 러버,21.05.20,"11,659",3,"블랙 컬러 반팔 티셔츠, 슬랙스에 스니커즈를 더하고 볼캡으로 포인트를 준 캐주얼 룩","#꾸안꾸,#올블랙,#로고플레이,#봄,#캐주얼,#와릿이즌,#나이키,#파츠,#제이반스 클래식,#호카오네오네,#메인부스,#셔츠/블라우스,#반소매 티셔츠,#캡/야구 모자,#팔찌,#벨트",https://image.msscdn.net/images/codimap/detail/3219/detail_3219_1_500.jpg?202401091201
276,댄디,데이트에 제격,21.11.30,"2,061",3,그러데이션 디테일이 매력적인 니트와 데님 팬츠를 스타일링한 후 크로스 백으로 마무리한 댄디 룩,"#그라데이션,#남친룩,#데이트,#워싱,#레더,#레이어드룩,#가을,#댄디,#비바스튜디오,#비슬로우,#타이러스트,#다이아몬드 레이라,#구두,#메신저/크로스 백,#머플러,#겨울 싱글 코트,#셔츠/블라우스",https://image.msscdn.net/images/codimap/detail/9633/detail_9633_1_500.jpg?202401091201
277,댄디,볼수록 매력 있어,21.12.06,"1,426",3,브라운 컬러가 돋보이는 니트와 데님 팬츠를 매치하고 백팩으로 연출한 댄디 룩,"#남친룩,#데이트,#레더,#뉴트럴톤,#워싱,#겨울,#댄디,#무신사 스탠다드,#소다몬,#빈폴 액세서리,#브랜즈,#데님 팬츠,#안경 소품,#토이,#안경,#겨울 더블 코트,#디지털,#페도라,#반소매 티셔츠,#니트/스웨터,#샌들,#백팩,#캔버스/단화",https://image.msscdn.net/images/codimap/detail/9816/detail_9816_1_500.jpg?202401091201
278,캐주얼,편안한 매치,21.11.19,"5,356",3,"로고 디테일의 스웨트셔츠와 스웨트 팬츠, 숏 패딩을 코디하고 스니커즈로 편안하게 완성한 캐주얼 룩","#편안한,#원마일웨어,#로고플레이,#모노톤,#꾸안꾸,#가을,#캐주얼,#라모랭,#뉴발란스,#유니폼브릿지,#비니,#트레이닝/조거 팬츠,#긴소매 티셔츠,#숏패딩/숏헤비 아우터",https://image.msscdn.net/images/codimap/detail/9269/detail_9269_1_500.jpg?202401091201
279,캐주얼,누구나 도전 가능,21.12.10,"5,341",3,코듀로이 소재가 돋보이는 숏 패딩과 데님 팬츠를 매치하고 스니커즈로 마무리한 캐주얼 룩,"#코듀로이,#레이어드룩,#스트라이프,#와이드핏,#그래픽,#레더,#스티치,#캠퍼스,#꾸안꾸,#겨울,#캐주얼,#웨이브유니온,#스파오,#아노블리어,#오알오알,#글로스턴,#오니츠카타이거,#플랙 우먼,#맨투맨/스웨트셔츠,#숏패딩/숏헤비 아우터,#셔츠/블라우스,#숄더백,#안경,#패션스니커즈화,#데님 팬츠",https://image.msscdn.net/images/codimap/detail/10018/detail_10018_1_500.jpg?202401091201
280,캐주얼,청량함 가득!,21.05.18,"4,073",3,편안한 핏의 반팔 티셔츠와 배색 디테일이 유니크한 조거 팬츠를 코디하고 옐로 컬러 스니커즈로 포인트를 준 캐주얼 룩,"#봄,#캐주얼,#1993스튜디오,#리올그비,#리,#레이브,#컨버스,#트레이닝/조거 팬츠,#메신저/크로스 백,#크로스백,#버킷/사파리햇",https://image.msscdn.net/images/codimap/detail/3205/detail_3205_1_500.jpg?202401091201
281,댄디,탐나는 매치,22.02.24,"7,363",3,미니멀 무드의 니트와 데님 팬츠를 코디하고 트러커 재킷으로 완성한 댄디 룩,"#와이드핏,#워싱,#데이트,#레더,#남친룩,#봄,#댄디,#위더로드,#엘무드,#트릴리온,#폴스미스,#메이킷투,#구두,#반소매 티셔츠,#니트/스웨터,#트러커 재킷,#지갑/머니클립,#데님 팬츠",https://image.msscdn.net/images/codimap/detail/12852/detail_12852_1_500.jpg?202401091201
282,캐주얼,캐주얼한 매력,21.12.24,"2,816",3,캐주얼 무드의 하프 집업과 데님 팬츠를 매치하고 무스탕으로 마무리한 캐주얼 룩,"#레더,#스티치,#스웨이드,#캠퍼스,#겨울,#캐주얼,#러프넥,#화이트프로젝트,#라티젠,#시티브리즈,#밀리언코르,#앨리스마샤,#부츠,#머플러,#무스탕/퍼,#숄더백",https://image.msscdn.net/images/codimap/detail/10550/detail_10550_1_500.jpg?202401091201
283,스트릿,힙 바이브,21.05.20,"1,310",3,반팔 티셔츠에 유니크한 패턴이 돋보이는 조거 팬츠를 매치하고 스니커즈로 마무리한 스트릿 룩,"#힙합,#오버핏,#유니크,#봄,#스트릿,#엘엠씨,#메신저/크로스 백,#기타 컬처,#캡/야구 모자,#트레이닝/조거 팬츠,#반소매 티셔츠",https://image.msscdn.net/images/codimap/detail/3211/detail_3211_1_500.jpg?202401091201
284,캐주얼,캐주얼 무드,22.02.15,"4,478",3,체크 패턴이 돋보이는 스웨트셔츠와 조거 팬츠를 코디하고 스니커즈로 완성한 캐주얼 룩,"#체크,#화사한,#편안한,#원마일웨어,#꾸안꾸,#캠퍼스,#오버핏,#뉴트럴톤,#컬러블록,#봄,#캐주얼,#얼모스트블루,#리복,#본챔스,#마가린핑거스,#우알롱,#에잇세컨즈,#머플러,#패션스니커즈화,#비니,#기타 상의,#트레이닝/조거 팬츠",https://image.msscdn.net/images/codimap/detail/12487/detail_12487_1_500.jpg?202401091201
285,시크,시크함 가득,21.05.14,"1,023",3,"미니멀한 디자인의 오프숄더 티셔츠와 롱스커트를 매치하고 선글라스, 목걸이로 멋을 더한 시크 룩","#봄,#시크,#페이크미,#블러브,#레이어무드,#커렌트,#잠트,#애노드레브,#선글라스,#셔츠/블라우스,#목걸이/펜던트,#롱스커트,#부츠,#숄더백",https://image.msscdn.net/images/codimap/detail/3159/detail_3159_1_500.jpg?202401091201
286,아메카지,멋을 아는 룩,22.02.07,"1,624",3,페어 아일 패턴이 매력적인 스웨터와 코튼 팬츠를 코디하고 숄더백으로 멋을 더한 아메리칸 캐주얼 룩,"#뉴트럴톤,#핀턱,#레더,#남친룩,#데이트,#빈티지,#봄,#아메리칸 캐주얼,#네임드슈즈,#유나이티드뱀부,#와일드 브릭스,#아워스코프,#안데르센 안데르센,#레드맨션,#브룩스 브라더스,#구두,#모카신/보트 슈즈,#숄더백,#헌팅캡/베레모,#기타 아우터,#머플러,#코튼 팬츠,#니트/스웨터,#아메카지",https://image.msscdn.net/images/codimap/detail/12177/detail_12177_1_500.jpg?202401091201
287,걸리시,사랑스러워,22.01.20,"5,227",3,플라워 패턴이 돋보이는 베스트와 터틀넥을 레이어드하고 무톤 재킷으로 완성한 걸리시 룩,"#여친룩,#귀여운,#짧치,#레이어드룩,#플라워,#스웨이드,#오버핏,#뉴트럴톤,#겨울,#걸리시,#유니어패럴,#큐리티,#바잘,#블론드나인,#카렌화이트,#크랭크,#플레이스 스튜디오,#반소매 티셔츠,#긴소매 티셔츠,#샌들,#미니스커트,#헌팅캡/베레모,#부츠,#숄더백,#무스탕/퍼",https://image.msscdn.net/images/codimap/detail/11568/detail_11568_1_500.jpg?202401091201
288,캐주얼,편하게 즐겨,22.02.18,"11,598",3,로고가 돋보이는 후드 티셔츠와 트레이닝 팬츠를 연출하고 백팩으로 마무리한 캐주얼 룩,"#로고플레이,#레터링,#오버핏,#편안한,#원마일웨어,#꾸안꾸,#플리스,#캠퍼스,#봄,#캐주얼,#로우로우,#예일,#아디다스,#아카이브 볼드,#마하그리드,#에스피오나지,#백팩,#기타 컬처,#후드 티셔츠,#패션스니커즈화,#트레이닝/조거 팬츠,#비니,#플리스/뽀글이",https://image.msscdn.net/images/codimap/detail/12677/detail_12677_1_500.jpg?202401091201
289,캐주얼,간편한 셋업,21.05.20,912,3,체커보드 패턴의 셔츠와 숏 팬츠 셋업을 매치하고 스니커즈를 더해 마무리한 캐주얼 룩,"#체크,#편안한,#셋업코디,#봄,#캐주얼,#벤시몽,#배디,#브이브이브이,#키르시,#캔버스/단화,#민소매 티셔츠,#목걸이/펜던트,#숏 팬츠,#셔츠/블라우스",https://image.msscdn.net/images/codimap/detail/3222/detail_3222_1_500.jpg?202401091201
290,캐주얼,니트 포인트!,21.05.25,"1,585",3,유니크한 패턴이 돋보이는 베스트와 슬랙스를 코디하고 스니커즈로 포인트를 더한 캐주얼 룩,"#유니크,#모노톤,#로고플레이,#봄,#캐주얼,#문수권세컨,#세러데이일레븐,#언더톤즈,#플레이버리즘,#슈트 팬츠/슬랙스,#메신저/크로스 백,#셔츠/블라우스,#반소매 티셔츠,#베스트",https://image.msscdn.net/images/codimap/detail/3286/detail_3286_1_500.jpg?202401091201
291,캐주얼,한파 대비 룩,20.12.04,"1,898",3,"오버사이즈 핏의 숏 패딩과 패턴 후드 티셔츠, 데님 팬츠를 매치하고 겨울 액세서리로 마무리한 캐주얼 룩","#겨울,#캐주얼,#쏘로굿,#카이만,#비에스래빗,#부츠,#기타 스니커즈,#장갑,#데님 팬츠,#안경 소품,#트루퍼",https://image.msscdn.net/images/codimap/detail/895/detail_895_1_500.jpg?202401091201
292,비즈니스캐주얼,포멀 룩 가이드,20.12.04,"4,151",3,버건디 컬러의 코트와 슬랙스를 매치하고 머플러로 포인트 준 포멀 룩,"#겨울,#포멀,#무신사 스탠다드,#르꼬르도니에,#유니온 오브제,#겨울 싱글 코트,#디지털,#페도라,#반소매 티셔츠,#니트/스웨터,#샌들,#카디건,#기타 시계,#슈트 팬츠/슬랙스,#안경 소품,#토이,#부츠,#머플러,#비즈니스캐주얼",https://image.msscdn.net/images/codimap/detail/876/detail_876_1_500.jpg?202401091201
293,스트릿,디테일에 반해,22.05.12,"1,571",3,유니크한 그래픽이 돋보이는 반팔 티셔츠에 데님 팬츠와 볼캡을 더해 완성한 스트릿 룩,"#그래픽,#화사한,#파스텔,#유니크,#심볼,#자수,#컬러포인트,#봄,#스트릿,#돈애스크마이플랜,#윅,#아카이브 볼드,#엘엠씨,#에이지47,#메신저/크로스 백,#캡/야구 모자,#데님 팬츠,#반소매 티셔츠,#팔찌",https://image.msscdn.net/images/codimap/detail/15811/detail_15811_1_500.jpg?202401091201
294,비즈니스캐주얼,가을 남자,22.10.04,"4,480",3,깔끔한 무드의 트렌치코트와 슬랙스를 코디하고 브리프케이스로 완성한 포멀 룩,"#출근룩,#단정한,#레이어드룩,#모노톤,#환절기,#가을,#포멀,#인사일런스,#레테르코모,#트릴리온,#플랩에프,#포체,#넌블랭크,#비브이피,#환절기 코트,#디지털,#후드 티셔츠,#베스트,#셔츠/블라우스,#구두,#로퍼,#쿼츠 아날로그,#슈트 팬츠/슬랙스,#브리프케이스,#비즈니스캐주얼",https://image.msscdn.net/images/codimap/detail/19012/detail_19012_1_500.jpg?202401091201
295,댄디,데일리 댄디 룩,21.05.25,"3,554",3,네이비 컬러 반팔 셔츠에 코튼 팬츠를 더하고 스니커즈로 마무리한 댄디 룩,"#데이트,#미니멀,#봄,#댄디,#카시오,#아디다스,#로파이,#에잇세컨즈,#쿼츠 아날로그,#반려동물용품,#미니스커트,#패션스니커즈화,#셔츠/블라우스,#코튼 팬츠,#메신저/크로스 백",https://image.msscdn.net/images/codimap/detail/3280/detail_3280_1_500.jpg?202401091201
296,스트릿,유니크하게,22.07.27,"1,938",3,그래픽이 매력적인 반소매 티셔츠와 데님 팬츠를 코디하고 크로스 백으로 연출한 스트릿 룩,"#그래픽,#워싱,#와이드핏,#체인,#유니크,#힙합,#여름,#스트릿,#돈애스크마이플랜,#바운트,#디앤에스알,#브라바도,#스컴버,#메신저/크로스 백,#팔찌,#데님 팬츠,#반소매 티셔츠,#구두",https://image.msscdn.net/images/codimap/detail/17864/detail_17864_1_500.jpg?202401091201
297,스트릿,원 마일 웨어에 빠져,20.10.27,"8,846",3,스포티한 매력의 조거 팬츠에 로고 후드 티셔츠를 매치한 후 브라운 비니로 포인트를 더한 스트릿 룩,"#가을,#스트릿,#칼하트,#제멋,#기프트오리지널,#비니,#셔츠/블라우스,#반소매 티셔츠,#트레이닝/조거 팬츠,#안경 소품,#후드 티셔츠",https://image.msscdn.net/images/codimap/detail/245/detail_245_1_500.jpg?202401091201
298,아메카지,벌룬 핏의 매력,22.10.12,"3,631",3,아웃 포켓 디테일이 매력적인 헌팅 재킷과 벌룬 핏 팬츠를 코디하고 스니커즈로 마무리한 아메리칸 캐주얼 룩,"#아메카지,#뉴트럴톤,#벌룬핏,#헨리넥,#가을,#아메리칸 캐주얼,#파이살론,#리프로덕션 오브 파운드,#아날로그무드,#유앤엘씨,#사운즈라이프,#유니폼브릿지,#선글라스,#캔버스/단화,#메신저/크로스 백,#긴소매 티셔츠,#기타 바지,#사파리/헌팅 재킷",https://image.msscdn.net/images/codimap/detail/19163/detail_19163_1_500.jpg?202401091201
299,스트릿,타이다이 코디,21.05.26,"1,428",3,타이다이 패턴이 돋보이는 반팔 티셔츠에 스트링 팬츠를 코디하고 크로스 백으로 완성한 스트릿 룩,"#타이다이,#유니크,#봄,#스트릿,#논논,#살로몬,#디퍼런트이즈.오케이,#킹아카이브,#라이프워크,#팔찌,#패션스니커즈화,#메신저/크로스 백,#기타 컬처,#트레이닝/조거 팬츠",https://image.msscdn.net/images/codimap/detail/3299/detail_3299_1_500.jpg?202401091201
